Fund,Rating,Category,Return 1-Year,Return 3-Year,Return 5-Year,Return 10-Year,Return 15-Year,Return 20-Year
Aditya Birla Sun Life Active Debt Multi-Manager FoF Scheme,2,DT-INC    ,1.76,6.83,7.85,7.94,,
Aditya Birla Sun Life Active Debt Multi-Manager FoF Scheme - Direct Plan,3,DT-INC    ,2.27,7.37,,,,
Aditya Birla Sun Life Advantage Fund,5,EQ-MLC    ,31.67,22.29,24.79,18.5,17.69,18.67
Aditya Birla Sun Life Advantage Fund - Direct Plan,5,EQ-MLC    ,33.37,23.75,,,,
Aditya Birla Sun Life Balanced '95 Fund,4,HY-EQ     ,20.62,15.97,18.14,16.32,17.33,19.02
Aditya Birla Sun Life Balanced '95 Fund - Direct Plan,4,HY-EQ     ,22.19,17.38,,,,
Aditya Birla Sun Life Balanced Advantage Fund,3,HY-AA     ,10.91,14.13,14.37,12.09,12.39,
Aditya Birla Sun Life Balanced Advantage Fund - Direct Plan,4,HY-AA     ,12.3,15.11,,,,
Aditya Birla Sun Life Banking & Financial Services Fund - Direct Plan,5,EQ-BANK   ,30.83,27.41,,,,
Aditya Birla Sun Life Banking & Financial Services Fund - Regular Plan,5,EQ-BANK   ,29.04,26.14,,,,
Aditya Birla Sun Life Cash Manager,2,DT-UST    ,5.89,7.21,7.76,7.93,7.62,
Aditya Birla Sun Life Cash Manager - Direct Plan,4,DT-UST    ,6.8,8.11,,,,
Aditya Birla Sun Life Cash Plus,3,DT-LIQ    ,6.6,7.15,7.74,8.1,,
Aditya Birla Sun Life Cash Plus - Direct Plan,4,DT-LIQ    ,6.69,7.24,,,,
Aditya Birla Sun Life Constant Maturity 10 Year Gilt Fund - Direct Plan,2,GL-MLT    ,-1.23,5.79,,,,
Aditya Birla Sun Life Constant Maturity 10 Year Gilt Fund - Regular Plan,2,GL-MLT    ,-1.36,5.71,6.95,6.67,6.84,
Aditya Birla Sun Life Corporate Bond Fund - Direct Plan,4,DT-CO     ,7.99,,,,,
Aditya Birla Sun Life Corporate Bond Fund - Regular Plan,3,DT-CO     ,6.71,,,,,
Aditya Birla Sun Life Dividend Yield Plus Fund,1,EQ-MC     ,22.85,15.72,16.74,15.4,,
Aditya Birla Sun Life Dividend Yield Plus Fund - Direct Plan,1,EQ-MC     ,23.84,16.63,,,,
Aditya Birla Sun Life Dynamic Bond Fund - Direct Plan,3,DT-DB     ,1.83,7.2,,,,
Aditya Birla Sun Life Dynamic Bond Fund - Retail Plan,2,DT-DB     ,1.28,6.53,8.39,8.94,,
Aditya Birla Sun Life Enhanced Arbitrage Fund,1,HY-AR     ,5.74,6.08,6.72,,,
Aditya Birla Sun Life Enhanced Arbitrage Fund - Direct Plan,3,HY-AR     ,6.42,6.75,,,,
Aditya Birla Sun Life Equity Fund,4,EQ-MLC    ,24.97,21.1,23.23,18.1,19.81,
Aditya Birla Sun Life Equity Fund - Direct Plan,5,EQ-MLC    ,26.5,22.34,,,,
Aditya Birla Sun Life Floating Rate Fund - Long Term Plan,2,DT-UST    ,6.42,7.98,8.51,,,
Aditya Birla Sun Life Floating Rate Fund - Long Term Plan - Direct Plan,3,DT-UST    ,6.71,8.25,,,,
Aditya Birla Sun Life Floating Rate Fund - Short Term Plan,4,DT-LIQ    ,6.66,7.2,7.77,8.14,,
Aditya Birla Sun Life Floating Rate Fund - Short Term Plan - Direct Plan,5,DT-LIQ    ,6.77,7.29,,,,
Aditya Birla Sun Life Frontline Equity Fund,4,EQ-LC     ,22.76,16.45,17.97,16.49,18.77,
Aditya Birla Sun Life Frontline Equity Fund - Direct Plan,5,EQ-LC     ,24.16,17.64,,,,
Aditya Birla Sun Life Gilt Plus - PF Plan,4,GL-MLT    ,2.1,8.39,9.86,9.26,8.1,
Aditya Birla Sun Life Gilt Plus - PF Plan - Direct Plan,5,GL-MLT    ,2.62,8.94,,,,
Aditya Birla Sun Life Income Plus,1,DT-INC    ,1.81,6.58,7.83,8.05,8.03,8.35
Aditya Birla Sun Life Income Plus - Direct Plan,2,DT-INC    ,2.49,7.43,,,,
Aditya Birla Sun Life Index Fund,2,EQ-LC     ,21.68,13.51,12.97,11.19,12.67,
Aditya Birla Sun Life Index Fund - Direct Plan,2,EQ-LC     ,21.91,13.77,,,,
Aditya Birla Sun Life India Reforms Fund,2,EQ-MLC    ,33.15,22.42,22.24,,,
Aditya Birla Sun Life India Reforms Fund - Direct Plan,3,EQ-MLC    ,34.6,23.5,,,,
Aditya Birla Sun Life Infrastructure Fund,4,EQ-INFRA  ,41.13,24.41,24.4,16.39,,
Aditya Birla Sun Life Infrastructure Fund - Direct Plan,4,EQ-INFRA  ,42.45,,,,,
Aditya Birla Sun Life International Equity Fund - Plan B,2,EQ-MLC    ,21.8,15.16,14.64,11.93,,
Aditya Birla Sun Life International Equity Fund - Plan B - Direct Plan,3,EQ-MLC    ,22.48,15.76,,,,
Aditya Birla Sun Life Medium Term Plan,2,DT-CO     ,6.24,8.5,9.37,,,
Aditya Birla Sun Life Medium Term Plan - Direct Plan,3,DT-CO     ,7.08,9.29,,,,
Aditya Birla Sun Life Mid Cap Fund,3,EQ-MC     ,35.34,23.72,26.8,20.54,21.52,
Aditya Birla Sun Life Mid Cap Fund - Direct Plan,3,EQ-MC     ,36.63,24.8,,,,
Aditya Birla Sun Life MIP,2,HY-DC     ,3.21,7.13,8.31,8.54,8.44,
Aditya Birla Sun Life MIP - Direct Plan,3,HY-DC     ,4.34,8.01,,,,
Aditya Birla Sun Life MIP II Savings 5 Plan,3,HY-DC     ,5.73,8.32,9.7,9.7,,
Aditya Birla Sun Life MIP II Savings 5 Plan - Direct Plan,3,HY-DC     ,6.82,9.06,,,,
Aditya Birla Sun Life Monthly Income,2,HY-DC     ,7.48,8.53,9.76,9.43,9.37,
Aditya Birla Sun Life Monthly Income - Direct Plan,3,HY-DC     ,8.38,9.37,,,,
Aditya Birla Sun Life Monthly Income Plan II - Wealth 25 Plan,5,HY-DA     ,11.11,12.68,14.03,12.43,,
Aditya Birla Sun Life Monthly Income Plan II - Wealth 25 Plan - Direct Plan,5,HY-DA     ,12.55,14.02,,,,
Aditya Birla Sun Life Nifty ETF Fund,3,EQ-LC     ,23.14,14.9,14.24,,,
Aditya Birla Sun Life Pure Value Fund,4,EQ-MC     ,48.98,30.03,32.36,,,
Aditya Birla Sun Life Pure Value Fund - Direct Plan,4,EQ-MC     ,50.82,31.37,,,,
Aditya Birla Sun Life Savings Fund,3,DT-UST    ,6.73,8.01,8.53,8.65,,
Aditya Birla Sun Life Savings Fund - Direct Plan,3,DT-UST    ,6.88,8.15,,,,
Aditya Birla Sun Life Short Term Fund,3,DT-ST     ,5.81,7.97,8.69,8.72,8.48,8.7
Aditya Birla Sun Life Short Term Fund - Direct Plan,3,DT-ST     ,5.95,8.1,,,,
Aditya Birla Sun Life Short Term Opportunities Fund,1,DT-ST     ,5.25,7.77,8.69,9.14,,
Aditya Birla Sun Life Short Term Opportunities Fund - Direct Plan,3,DT-ST     ,6.0,8.5,,,,
Aditya Birla Sun Life Small & Midcap Fund,2,EQ-SC     ,47.93,31.86,32.31,23.5,,
Aditya Birla Sun Life Small & Midcap Fund - Direct Plan,3,EQ-SC     ,49.75,33.15,,,,
Aditya Birla Sun Life Special Situations Fund,4,EQ-MLC    ,31.78,21.53,23.8,,,
Aditya Birla Sun Life Special Situations Fund - Direct Plan,4,EQ-MLC    ,32.67,22.28,,,,
Aditya Birla Sun Life Tax Plan,4,EQ-TS     ,40.82,22.09,23.59,18.43,18.57,
Aditya Birla Sun Life Tax Plan - Direct Plan,5,EQ-TS     ,42.35,23.38,,,,
Aditya Birla Sun Life Tax Relief 96,5,EQ-TS     ,41.25,22.58,24.32,18.64,18.2,21.6
Aditya Birla Sun Life Tax Relief 96 - Direct Plan,5,EQ-TS     ,42.79,23.73,,,,
Aditya Birla Sun Life Tax Savings Fund,4,EQ-TS     ,41.06,22.46,22.45,17,,
Aditya Birla Sun Life Tax Savings Fund - Direct Plan,4,EQ-TS     ,41.18,22.53,,,,
Aditya Birla Sun Life Top 100 Fund,4,EQ-LC     ,23.46,16.77,18.46,16.51,,
Aditya Birla Sun Life Top 100 Fund - Direct Plan,5,EQ-LC     ,24.99,18.1,,,,
Aditya Birla Sun Life Treasury Optimizer Fund - Direct Plan,4,DT-INC    ,5.44,8.44,,,,
Aditya Birla Sun Life Treasury Optimizer Fund - Regular Plan,4,DT-INC    ,5.12,8.1,9.14,,,
Axis Banking & PSU Debt Fund,2,DT-UST    ,6.75,7.65,8.12,,,
Axis Banking & PSU Debt Fund - Direct Plan,3,DT-UST    ,6.94,7.84,,,,
Axis Constant Maturity 10 Year Fund,2,GL-MLT    ,0.69,6.17,7.42,,,
Axis Constant Maturity 10 Year Fund - Direct Plan,2,GL-MLT    ,1.23,6.72,,,,
Axis Dynamic Bond Fund,2,DT-DB     ,2.29,6.99,8.18,,,
Axis Dynamic Bond Fund - Direct Plan,4,DT-DB     ,3.2,8.02,,,,
Axis Enhanced Arbitrage Fund - Direct Plan,5,HY-AR     ,6.67,7.04,,,,
Axis Enhanced Arbitrage Fund - Regular Plan,2,HY-AR     ,5.8,6.16,,,,
Axis Equity Fund,3,EQ-LC     ,30.48,15.83,15.81,,,
Axis Equity Fund - Direct Plan,4,EQ-LC     ,32.26,17.13,,,,
Axis Fixed Income Opportunities Fund - Direct Plan,3,DT-CO     ,7.21,9.17,,,,
Axis Fixed Income Opportunities Fund - Regular Plan,1,DT-CO     ,5.73,7.78,,,,
Axis Focused 25 Fund,3,EQ-MLC    ,35.37,21.89,20.47,,,
Axis Focused 25 Fund - Direct Plan,4,EQ-MLC    ,36.92,23.32,,,,
Axis Income Saver Fund,2,HY-DA     ,10.8,8.17,9.38,,,
Axis Income Saver Fund - Direct Plan,4,HY-DA     ,12.28,9.69,,,,
Axis Liquid Fund,3,DT-LIQ    ,6.64,7.16,7.71,,,
Axis Liquid Fund - Direct Plan,4,DT-LIQ    ,6.71,7.23,,,,
Axis Long Term Equity Fund,4,EQ-TS     ,31.38,17.15,21.92,,,
Axis Long Term Equity Fund - Direct Plan,5,EQ-TS     ,32.88,18.42,,,,
Axis Midcap Fund,2,EQ-MC     ,37.48,17.91,21.92,,,
Axis Midcap Fund - Direct Plan,2,EQ-MC     ,39.05,19.23,,,,
Axis Regular Savings Fund,4,DT-INC    ,6.76,8.61,9.28,,,
Axis Regular Savings Fund - Direct Plan,5,DT-INC    ,7.46,9.43,,,,
Axis Short Term Fund,2,DT-ST     ,5.14,7.36,8,,,
Axis Short Term Fund - Direct Plan,3,DT-ST     ,5.88,8.14,,,,
Axis Treasury Advantage Fund,2,DT-UST    ,6.17,7.27,7.81,,,
Axis Treasury Advantage Fund - Direct Plan,3,DT-UST    ,6.84,7.8,,,,
Baroda Pioneer Balance Fund,2,HY-EQ     ,24.69,15.99,15.38,12.17,,
Baroda Pioneer Balance Fund - Direct Plan,3,HY-EQ     ,26.47,17.48,,,,
Baroda Pioneer Banking and Financial Services Fund,2,EQ-BANK   ,17.32,15.94,16.44,,,
Baroda Pioneer Banking and Financial Services Fund - Direct Plan,2,EQ-BANK   ,18.24,16.79,,,,
Baroda Pioneer Credit Opportunities Fund- Plan A,4,DT-CO     ,7.2,,,,,
Baroda Pioneer Credit Opportunities Fund- Plan B Direct,5,DT-CO     ,8.5,,,,,
Baroda Pioneer Dynamic Bond Fund,3,DT-DB     ,4.45,7.94,9.06,,,
Baroda Pioneer Dynamic Bond Fund - Direct Plan,4,DT-DB     ,5.02,8.63,,,,
Baroda Pioneer ELSS 96 Fund,2,EQ-TS     ,29.73,17.79,18.15,14.07,13.98,
Baroda Pioneer ELSS 96 Fund - Direct Plan,2,EQ-TS     ,31.23,18.93,,,,
Baroda Pioneer Gilt Fund,2,GL-MLT    ,1.5,6.2,7.8,8.86,7.97,
Baroda Pioneer Gilt Fund - Direct Plan,2,GL-MLT    ,2.35,7.04,,,,
Baroda Pioneer Growth Fund,2,EQ-MLC    ,28.95,17.18,17.58,13.48,,
Baroda Pioneer Growth Fund - Direct Plan,2,EQ-MLC    ,30.26,18.15,,,,
Baroda Pioneer Income Fund,2,DT-INC    ,2.0,6.09,7.45,7.68,6.93,
Baroda Pioneer Income Fund - Direct Plan,3,DT-INC    ,2.66,6.82,,,,
Baroda Pioneer Liquid Fund,4,DT-LIQ    ,6.6,7.18,7.74,,,
Baroda Pioneer Liquid Fund - Direct Plan,5,DT-LIQ    ,6.7,7.29,,,,
Baroda Pioneer Monthly Income Plan Fund,2,HY-DC     ,7.31,7.62,8.68,7.84,,
Baroda Pioneer Monthly Income Plan Fund - Direct Plan,3,HY-DC     ,8.18,8.49,,,,
Baroda Pioneer Short Term Bond Fund,5,DT-ST     ,6.54,8.23,8.58,,,
Baroda Pioneer Short Term Bond Fund - Direct Plan,5,DT-ST     ,7.28,9,,,,
Baroda Pioneer Treasury Advantage Fund,5,DT-UST    ,6.9,8.18,8.62,,,
Baroda Pioneer Treasury Advantage Fund - Direct Plan,5,DT-UST    ,7.21,8.58,,,,
BNP Paribas Corporate Bond Fund,4,DT-INC    ,6.09,8.05,8.48,,,
BNP Paribas Corporate Bond Fund - Direct Plan,5,DT-INC    ,6.65,8.81,,,,
BNP Paribas Dividend Yield Fund,4,EQ-MC     ,33.43,20.55,21.44,18.65,,
BNP Paribas Dividend Yield Fund - Direct Plan,4,EQ-MC     ,35.71,22.47,,,,
BNP Paribas Equity Fund,2,EQ-MLC    ,25.8,14.4,16.82,15.14,,
BNP Paribas Equity Fund - Direct Plan,3,EQ-MLC    ,27.57,15.8,,,,
BNP Paribas Flexi Debt Fund,3,DT-INC    ,2.69,7.17,8.44,8.65,,
BNP Paribas Flexi Debt Fund - Direct Plan,3,DT-INC    ,3.58,8.04,,,,
BNP Paribas Government Securities Fund,4,GL-MLT    ,3.97,8.42,,,,
BNP Paribas Government Securities Fund - Direct Plan,5,GL-MLT    ,4.76,9.21,,,,
BNP Paribas Long Term Equity Fund,3,EQ-TS     ,33.47,16.92,19.34,16.92,,
BNP Paribas Long Term Equity Fund - Direct Plan,3,EQ-TS     ,34.94,17.94,,,,
BNP Paribas Medium Term Income Fund,3,DT-INC    ,4.94,7.13,,,,
BNP Paribas Medium Term Income Fund - Direct Plan,4,DT-INC    ,5.83,7.97,,,,
BNP Paribas Midcap Fund,3,EQ-MC     ,41.07,23.69,27.05,22.9,,
BNP Paribas Midcap Fund - Direct Plan,4,EQ-MC     ,43.4,25.5,,,,
BNP Paribas Money Plus Fund,2,DT-UST    ,6.09,7.08,7.57,8.05,,
BNP Paribas Money Plus Fund - Direct Plan,3,DT-UST    ,6.72,7.76,,,,
BNP Paribas Monthly Income Plan,2,HY-DC     ,9.07,8.82,9.63,8.87,,
BNP Paribas Monthly Income Plan - Direct Plan,4,HY-DC     ,11.7,11.35,,,,
BNP Paribas Overnight Fund,3,DT-LIQ    ,6.54,7.07,7.63,8.08,,
BNP Paribas Overnight Fund - Direct Plan,3,DT-LIQ    ,6.68,7.15,,,,
BNP Paribas Short Term Income Fund,3,DT-ST     ,5.88,7.86,8.34,,,
BNP Paribas Short Term Income Fund - Direct Plan,3,DT-ST     ,5.84,7.73,,,,
BOI AXA Corporate Credit Spectrum Fund - Direct Plan,5,DT-CO     ,8.55,,,,,
BOI AXA Corporate Credit Spectrum Fund - Regular Plan,4,DT-CO     ,8.41,,,,,
BOI AXA Equity Debt Rebalancer Fund - Direct Plan,4,HY-AA     ,9.95,9.14,,,,
BOI AXA Equity Debt Rebalancer Fund - Regular Plan,3,HY-AA     ,9.24,8.52,,,,
BOI AXA Equity Fund - Direct Plan,2,EQ-MLC    ,39.52,20.69,,,,
BOI AXA Equity Fund - Regular Plan,2,EQ-MLC    ,37.84,19.29,17.91,,,
BOI AXA Liquid Fund - Direct Plan,4,DT-LIQ    ,6.73,7.23,,,,
BOI AXA Liquid Fund - Regular Plan,3,DT-LIQ    ,6.63,7.13,7.69,,,
BOI AXA Manufacturing & Infrastructure Fund,3,EQ-INFRA  ,55.58,26.5,23.32,,,
BOI AXA Manufacturing & Infrastructure Fund - Direct Plan,3,EQ-INFRA  ,57.59,28.17,,,,
BOI AXA Regular Return Fund - Direct Plan,4,HY-DC     ,14.24,11.75,,,,
BOI AXA Regular Return Fund - Regular Plan,4,HY-DC     ,13.53,11.12,10.98,,,
BOI AXA Short Term Income Fund - Direct Plan,5,DT-ST     ,6.3,8.8,,,,
BOI AXA Short Term Income Fund - Regular Plan,4,DT-ST     ,5.36,7.81,8.31,,,
BOI AXA Tax Advantage Fund - Direct Plan,4,EQ-TS     ,56.01,26.6,,,,
BOI AXA Tax Advantage Fund - Regular Plan,3,EQ-TS     ,53.75,24.82,22.51,,,
BOI AXA Treasury Advantage Fund - Direct Plan,5,DT-UST    ,7.68,8.6,,,,
BOI AXA Treasury Advantage Fund - Regular Plan,5,DT-UST    ,7.52,8.4,8.68,,,
Canara Robeco Balance Fund - Direct Plan,3,HY-EQ     ,21.31,15.73,,,,
Canara Robeco Balance Fund - Regular Plan,3,HY-EQ     ,19.69,14.41,16.78,15.47,16.73,16.55
Canara Robeco Dynamic Bond Fund - Direct Plan,4,DT-DB     ,2.24,8.03,,,,
Canara Robeco Dynamic Bond Fund - Regular Plan,3,DT-DB     ,1.58,7.34,8.53,,,
Canara Robeco Emerging Equities Fund - Direct Plan,5,EQ-MC     ,42.53,28.34,,,,
Canara Robeco Emerging Equities Fund - Regular Plan,4,EQ-MC     ,40.61,26.85,32.44,26.2,,
Canara Robeco Equity Diversified Fund - Direct Plan,2,EQ-MLC    ,29.84,17.23,,,,
Canara Robeco Equity Diversified Fund - Regular Plan,1,EQ-MLC    ,28.93,16.5,16.21,15.21,,
Canara Robeco Equity Tax Saver Fund - Direct Plan,2,EQ-TS     ,26.93,15.81,,,,
Canara Robeco Equity Tax Saver Fund - Regular Plan,1,EQ-TS     ,25.93,15.03,16.17,15.8,,
Canara Robeco Gilt PGS Fund - Direct Plan,5,GL-MLT    ,1.85,8.92,,,,
Canara Robeco Gilt PGS Fund - Regular Plan,4,GL-MLT    ,1.22,8.27,9.48,8.93,,
Canara Robeco Income Fund - Direct Plan,3,DT-INC    ,3.06,7.56,,,,
Canara Robeco Income Fund - Regular Plan,2,DT-INC    ,2.18,6.71,7.86,8.45,,
Canara Robeco Infrastructure Fund - Direct Plan,4,EQ-INFRA  ,36.09,21.73,,,,
Canara Robeco Infrastructure Fund - Regular Plan,3,EQ-INFRA  ,34.69,20.68,22.59,16.17,,
Canara Robeco Large Cap+ Fund - Direct Plan,3,EQ-LC     ,23.19,15.62,,,,
Canara Robeco Large Cap+ Fund - Regular Plan,3,EQ-LC     ,21.82,14.39,14.66,,,
Canara Robeco Liquid Fund - Direct Plan,2,DT-LIQ    ,6.5,7.02,,,,
Canara Robeco Liquid Fund - Regular Plan,2,DT-LIQ    ,6.47,6.99,7.58,,,
Canara Robeco Medium Term Opportunities Fund - Direct Plan,3,DT-INC    ,5.22,7.64,,,,
Canara Robeco Medium Term Opportunities Fund - Regular Plan,3,DT-INC    ,4.51,6.92,,,,
Canara Robeco Monthly Income Plan - Direct Plan,2,HY-DC     ,7.51,8.44,,,,
Canara Robeco Monthly Income Plan - Regular Plan,1,HY-DC     ,6.27,7.19,8.8,9.3,,
Canara Robeco Savings Plus Fund - Direct Plan,3,DT-UST    ,6.57,7.65,,,,
Canara Robeco Savings Plus Fund - Regular Plan,3,DT-UST    ,6.36,7.45,7.95,8.28,,
Canara Robeco Short Term Fund - Direct Plan,3,DT-ST     ,5.72,7.11,,,,
Canara Robeco Short Term Fund - Regular Plan,2,DT-ST     ,5.2,6.59,7.32,,,
Canara Robeco Treasury Advantage Fund - Direct Plan,3,DT-UST    ,6.34,7.2,,,,
Canara Robeco Treasury Advantage Fund - Regular Plan,1,DT-UST    ,5.6,6.47,7.31,,,
Canara Robeco Yield Advantage Fund - Direct Plan,3,HY-DC     ,6.41,8.28,,,,
Canara Robeco Yield Advantage Fund - Regular Plan,3,HY-DC     ,5.59,7.45,7.39,,,
DHFL Pramerica Arbitrage Fund - Direct Plan,4,HY-AR     ,6.56,6.8,,,,
DHFL Pramerica Arbitrage Fund - Regular Plan,3,HY-AR     ,5.95,6.2,,,,
DHFL Pramerica Banking & PSU Debt Fund,3,DT-INC    ,4.82,7.11,,,,
DHFL Pramerica Banking & PSU Debt Fund - Direct Plan,4,DT-INC    ,5.36,7.63,,,,
DHFL Pramerica Credit Opportunities Fund - Direct Plan,4,DT-CO     ,7.75,9.69,,,,
DHFL Pramerica Credit Opportunities Fund - Regular Plan,3,DT-CO     ,6.54,8.51,,,,
DHFL Pramerica Dynamic Bond Fund,4,DT-DB     ,3.11,7.8,8.66,,,
DHFL Pramerica Dynamic Bond Fund - Direct Plan,5,DT-DB     ,4.44,9.16,,,,
DHFL Pramerica Gilt Fund,3,GL-MLT    ,3.49,7.32,8.38,,,
DHFL Pramerica Gilt Fund - Direct Plan,4,GL-MLT    ,3.77,7.59,,,,
DHFL Pramerica Income Advantage Fund,1,HY-DA     ,8.3,8.47,8.17,7.54,,
DHFL Pramerica Income Advantage Fund - Direct Plan,2,HY-DA     ,10.38,9.91,,,,
DHFL Pramerica Inflation Indexed Bond Fund - Direct Plan,3,DT-INC    ,4.66,9.29,,,,
DHFL Pramerica Inflation Indexed Bond Fund - Regular Plan,2,DT-INC    ,3.77,8.41,,,,
DHFL Pramerica Insta Cash Plus Fund,3,DT-LIQ    ,6.62,7.17,7.72,8.06,,
DHFL Pramerica Insta Cash Plus Fund - Direct Plan,4,DT-LIQ    ,6.68,7.22,,,,
DHFL Pramerica Large Cap Fund,3,EQ-LC     ,20.01,13.67,15.62,12.99,,
DHFL Pramerica Large Cap Fund - Direct Plan,4,EQ-LC     ,22.1,15.44,,,,
DHFL Pramerica Low Duration Fund,4,DT-UST    ,6.58,7.94,8.47,8.53,,
DHFL Pramerica Low Duration Fund - Direct Plan,5,DT-UST    ,7.16,8.56,,,,
DHFL Pramerica Medium Term Income Fund - Direct Plan,5,DT-INC    ,5.54,8.86,,,,
DHFL Pramerica Medium Term Income Fund - Regular Plan,4,DT-INC    ,4.7,8.04,,,,
DHFL Pramerica Midcap Opportunities Fund - Direct Plan,2,EQ-MC     ,29.29,17.71,,,,
DHFL Pramerica Midcap Opportunities Fund - Regular Plan,1,EQ-MC     ,27.49,16.58,,,,
DHFL Pramerica Premier Bond Fund,3,DT-INC    ,3.75,6.32,7.03,7.47,,
DHFL Pramerica Premier Bond Fund - Direct Plan,3,DT-INC    ,5.03,7.42,,,,
DHFL Pramerica Short Maturity Fund,4,DT-ST     ,5.94,7.99,8.56,8.71,,
DHFL Pramerica Short Maturity Fund - Direct Plan,5,DT-ST     ,6.79,8.9,,,,
DHFL Pramerica Short Term Floating Rate Fund,2,DT-UST    ,6.27,7.41,7.89,,,
DHFL Pramerica Short Term Floating Rate Fund - Direct Plan,3,DT-UST    ,6.52,7.64,,,,
DHFL Pramerica Tax Plan,3,EQ-TS     ,29.46,19.15,19.45,14.58,,
DHFL Pramerica Tax Plan - Direct Plan,4,EQ-TS     ,31.86,20.95,,,,
DHFL Pramerica Ultra Short Term Fund,3,DT-UST    ,6.58,7.55,8.21,,,
DHFL Pramerica Ultra Short Term Fund - Direct Plan,4,DT-UST    ,6.82,7.8,,,,
DSP BlackRock Balanced Fund,3,HY-EQ     ,22.71,16.77,18.35,14.87,16.19,
DSP BlackRock Balanced Fund - Direct Plan,3,HY-EQ     ,24.23,18,,,,
DSP BlackRock Banking & PSU Debt Fund - Direct Plan,2,DT-ST     ,5.08,7.83,,,,
DSP BlackRock Banking & PSU Debt Fund - Regular Plan,1,DT-ST     ,4.82,7.49,,,,
DSP BlackRock Bond Fund - Direct Plan,3,DT-INC    ,5.78,8.29,,,,
DSP BlackRock Bond Fund - Retail Plan,3,DT-INC    ,5.3,7.67,8.42,7.94,7.28,7.56
DSP BlackRock Constant Maturity 10Y G-Sec Fund - Direct Plan,3,GL-MLT    ,0.85,7.53,,,,
DSP BlackRock Constant Maturity 10Y G-Sec Fund - Regular Plan,3,GL-MLT    ,0.59,7.26,,,,
DSP BlackRock Dynamic Asset Allocation Fund - Direct Plan,3,HY-AA     ,9.45,10.2,,,,
DSP BlackRock Dynamic Asset Allocation Fund - Regular Plan,2,HY-AA     ,8.37,9.25,,,,
DSP BlackRock Equity Fund,2,EQ-MLC    ,32.82,20.1,20.37,16.35,19.88,20.81
DSP BlackRock Equity Fund - Direct Plan,2,EQ-MLC    ,33.82,20.92,,,,
DSP BlackRock Focus 25 Fund,4,EQ-LC     ,21.15,14.92,17.83,,,
DSP BlackRock Focus 25 Fund - Direct Plan,4,EQ-LC     ,22.16,15.77,,,,
DSP BlackRock Government Securities Fund,3,GL-MLT    ,-0.23,6.59,7.89,7.63,7.61,
DSP BlackRock Government Securities Fund - Direct Plan,3,GL-MLT    ,0.61,7.19,,,,
DSP BlackRock Income Opportunities Fund,2,DT-CO     ,5.57,8.13,8.91,8.65,,
DSP BlackRock Income Opportunities Fund - Direct Plan,3,DT-CO     ,6.21,8.79,,,,
DSP BlackRock Liquidity Fund - Direct Plan,4,DT-LIQ    ,6.69,7.2,,,,
DSP BlackRock Liquidity Fund - Regular Plan,3,DT-LIQ    ,6.55,7.08,7.65,7.97,,
DSP BlackRock Micro Cap Fund - Direct Plan,4,EQ-SC     ,40.98,29.05,,,,
DSP BlackRock Micro Cap Fund - Regular Plan,3,EQ-SC     ,40.43,28.34,36.05,27.99,,
DSP BlackRock Money Manager Fund - Direct Plan,3,DT-UST    ,6.71,7.47,,,,
DSP BlackRock Money Manager Fund - Regular Plan,2,DT-UST    ,5.91,6.72,7.35,7.66,,
DSP BlackRock Monthly Income Plan,2,HY-DA     ,9.81,9.96,10.43,9.95,,
DSP BlackRock Monthly Income Plan - Direct Plan,3,HY-DA     ,10.66,10.76,,,,
DSP BlackRock Opportunities Fund,4,EQ-MLC    ,34.55,23.72,23.4,18.2,19.53,
DSP BlackRock Opportunities Fund - Direct Plan,5,EQ-MLC    ,36.14,24.96,,,,
DSP BlackRock Short Term Fund,1,DT-ST     ,4.94,6.98,7.85,8.06,7.67,
DSP BlackRock Short Term Fund - Direct Plan,3,DT-ST     ,5.75,7.87,,,,
DSP BlackRock Small and Mid Cap Fund - Direct Plan,3,EQ-MC     ,31.9,24.97,,,,
DSP BlackRock Small and Mid Cap Fund - Regular Plan,3,EQ-MC     ,30.74,23.98,27.65,22.41,,
DSP BlackRock Strategic Bond Fund - Direct Plan,2,DT-DB     ,1.22,6.45,,,,
DSP BlackRock Strategic Bond Fund - Regular Plan,2,DT-DB     ,0.87,6.08,7.79,,,
DSP BlackRock T.I.G.E.R. Fund - Direct Plan,3,EQ-INFRA  ,41.11,24.25,,,,
DSP BlackRock T.I.G.E.R. Fund - Regular Plan,3,EQ-INFRA  ,40.22,23.57,23.19,15.31,,
DSP BlackRock Tax Saver Fund,4,EQ-TS     ,29.78,21.49,22.68,18.64,,
DSP BlackRock Tax Saver Fund - Direct Plan,4,EQ-TS     ,31.43,22.71,,,,
DSP BlackRock Top 100 Equity Fund - Direct Plan,3,EQ-LC     ,19.44,14.22,,,,
DSP BlackRock Top 100 Equity Fund - Regular Plan,3,EQ-LC     ,18.59,13.45,14.15,12.82,,
DSP BlackRock Treasury Bill Fund,2,GL-ST     ,5.73,6.24,6.89,7.05,6.59,
DSP BlackRock Treasury Bill Fund - Direct Plan,3,GL-ST     ,5.99,6.5,,,,
DSP BlackRock Ultra Short Term Fund - Direct Plan,3,DT-UST    ,6.56,,,,,
DSP BlackRock Ultra Short Term Fund - Regular Plan,3,DT-UST    ,6.19,,,,,
Edelweiss Arbitrage Fund - Direct Plan,5,HY-AR     ,6.67,6.97,,,,
Edelweiss Arbitrage Fund - Regular Plan,3,HY-AR     ,5.98,6.32,,,,
Edelweiss Banking and PSU Debt Fund - Direct Plan,4,DT-INC    ,5.54,7.14,,,,
Edelweiss Banking and PSU Debt Fund - Regular Plan,3,DT-INC    ,5.24,6.82,,,,
Edelweiss Bond Fund - Direct Plan,3,DT-INC    ,2.53,6.33,,,,
Edelweiss Bond Fund - Regular Plan,2,DT-INC    ,1.73,5.43,6.75,,,
Edelweiss Corporate Debt Opportunities Fund - Direct Plan,3,DT-CO     ,6.63,8.16,,,,
Edelweiss Corporate Debt Opportunities Fund - Regular Plan,2,DT-CO     ,6.1,7.61,,,,
Edelweiss Dynamic Equity Advantage Fund - Direct Plan,2,HY-EQ     ,17.94,11.12,,,,
Edelweiss Dynamic Equity Advantage Fund - Regular Plan,2,HY-EQ     ,16.93,10.26,11.72,,,
Edelweiss ELSS Fund - Direct Plan,3,EQ-TS     ,32.32,18.29,,,,
Edelweiss ELSS Fund - Regular Plan,3,EQ-TS     ,30.9,17.28,18.51,,,
Edelweiss Equity Opportunities Fund - Direct Plan,4,EQ-LC     ,33.43,18.39,,,,
Edelweiss Equity Opportunities Fund Regular Plan,4,EQ-LC     ,32.65,17.59,18.19,15.08,,
Edelweiss Equity Savings Advantage Fund - Direct Plan,3,HY-EQ     ,14.54,10.14,,,,
Edelweiss Equity Savings Advantage Fund - Regular Plan,3,HY-EQ     ,13.72,9.63,,,,
Edelweiss Government Securities Fund - Direct Plan,4,GL-MLT    ,4.7,7.49,,,,
Edelweiss Government Securities Fund - Regular Plan,3,GL-MLT    ,4.18,6.96,,,,
Edelweiss Large Cap Advantage Fund - Direct Plan,4,EQ-LC     ,26.6,15.6,,,,
Edelweiss Large Cap Advantage Fund - Regular Plan,3,EQ-LC     ,25.48,14.69,15.79,,,
Edelweiss Liquid Fund - Direct Plan,2,DT-LIQ    ,6.69,6.88,,,,
Edelweiss Liquid Fund - Regular Plan,2,DT-LIQ    ,6.57,6.78,7.39,7.9,,
Edelweiss Mid and Small Cap Fund - Direct Plan,4,EQ-MC     ,50.6,26.42,,,,
Edelweiss Mid and Small Cap Fund - Regular Plan,3,EQ-MC     ,49.67,25.71,29.55,,,
Edelweiss Prudent Advantage Fund - Direct Plan,2,EQ-LC     ,20.5,12.69,,,,
Edelweiss Prudent Advantage Fund - Regular Plan,2,EQ-LC     ,19.81,12.15,14.19,,,
Edelweiss Short Term Fund - Direct Plan,3,DT-ST     ,6.0,3.81,,,,
Edelweiss Short Term fund - Regular Plan,2,DT-ST     ,5.71,3.65,3.37,,,
Edelweiss Tax Advantage Fund - Direct Plan,3,EQ-TS     ,30.51,17,,,,
Edelweiss Tax Advantage Fund - Regular Plan,2,EQ-TS     ,29.86,16.16,17.45,,,
Edelweiss Ultra Short Term Fund - Direct Plan,3,DT-UST    ,7.62,5.97,,,,
Edelweiss Ultra Short Term Fund - Regular Plan,3,DT-UST    ,6.8,5.58,5.61,6.71,,
Escorts High Yield Equity Fund,4,EQ-MC     ,25.04,22.69,27.02,18.87,,
Escorts High Yield Equity Fund - Direct Plan,4,EQ-MC     ,24.87,22.56,,,,
Escorts Income Fund,3,DT-INC    ,1.82,5.72,7.2,8.44,8.23,
Escorts Income Fund - Direct Plan,3,DT-INC    ,1.83,5.73,,,,
Escorts Liquid - Direct Plan,5,DT-LIQ    ,6.56,7.34,,,,
Escorts Liquid Plan,5,DT-LIQ    ,6.55,7.33,7.99,8.59,,
Escorts Opportunities Fund,3,HY-EQ     ,27.54,13.32,13.62,10.83,9.65,
Escorts Opportunities Fund - Direct Plan,3,HY-EQ     ,27.56,13.29,,,,
Escorts Short Term Debt Fund,4,DT-ST     ,6.66,7.46,8.32,8.96,,
Escorts Short Term Debt Fund - Direct Plan,4,DT-ST     ,6.71,7.48,,,,
Escorts Tax Plan,4,EQ-TS     ,27.15,23.13,25.22,14.16,12.8,
Escorts Tax Plan - Direct Plan,4,EQ-TS     ,27.15,23.18,,,,
Essel Equity Fund,3,EQ-MLC    ,22.68,17.28,16.6,,,
Essel Equity Fund - Direct Plan,3,EQ-MLC    ,24.19,18.81,,,,
Essel Flexible Income Fund,2,DT-DB     ,0.97,5.85,6.24,,,
Essel Flexible Income Fund - Direct Plan,2,DT-DB     ,1.9,6.98,,,,
Essel Income Plus Fund,2,HY-DC     ,5.47,7.31,8.23,,,
Essel Income Plus Fund - Direct Plan,4,HY-DC     ,7.19,9.15,,,,
Essel Liquid Fund - Direct Plan,5,DT-LIQ    ,6.82,7.37,,,,
Essel Liquid Fund - Regular Plan,5,DT-LIQ    ,6.7,7.25,7.81,,,
Essel Short Term Fund,1,DT-ST     ,4.1,6.13,7.03,,,
Essel Short Term Fund - Direct Plan,3,DT-ST     ,5.16,7.14,,,,
Essel Ultra Short Term Fund - Direct Plan,3,DT-UST    ,6.51,7.51,,,,
Essel Ultra Short Term Fund - Regular Plan,2,DT-UST    ,5.82,6.79,7.41,,,
Franklin Build India Fund,5,EQ-INFRA  ,37.58,23.3,28.08,,,
Franklin Build India Fund - Direct Plan,5,EQ-INFRA  ,39.26,24.89,,,,
Franklin India Balanced Fund,3,HY-EQ     ,18.18,12.87,16.29,14.63,15.28,
Franklin India Balanced Fund - Direct Plan,4,HY-EQ     ,19.87,14.52,,,,
Franklin India Banking & PSU Debt Fund,3,DT-INC    ,6.01,7.51,,,,
Franklin India Banking & PSU Debt Fund - Direct Plan,3,DT-INC    ,6.43,7.98,,,,
Franklin India Bluechip Fund,3,EQ-LC     ,20.15,14.1,15.44,14.23,16.88,20.3
Franklin India Bluechip Fund - Direct Plan,4,EQ-LC     ,21.23,15.09,,,,
Franklin India Cash Management Account Fund,1,DT-LIQ    ,5.87,6.02,6.22,6.24,6.04,
Franklin India Cash Management Account Fund - Direct Plan,2,DT-LIQ    ,6.49,6.74,,,,
Franklin India Corporate Bond Opportunities Fund,3,DT-CO     ,7.3,8.59,9.14,,,
Franklin India Corporate Bond Opportunities Fund - Direct Plan,4,DT-CO     ,8.13,9.48,,,,
Franklin India Dynamic Accrual Fund,4,DT-CO     ,7.33,9.2,9.6,8.77,7.93,8.07
Franklin India Dynamic Accrual Fund - Direct Plan,5,DT-CO     ,8.32,10.2,,,,
Franklin India Dynamic PE Ratio Fund of Funds,3,HY-AA     ,12.13,10.68,11.76,11.34,,
Franklin India Dynamic PE Ratio Fund of Funds - Direct Plan,4,HY-AA     ,13.35,11.86,,,,
Franklin India Flexi Cap Fund,4,EQ-LC     ,26.31,15.41,18.73,16.79,,
Franklin India Flexi Cap Fund - Direct Plan,5,EQ-LC     ,27.32,16.3,,,,
Franklin India Government Securities Fund - Composite Plan,1,GL-MLT    ,-1.83,5.37,7.68,7.53,7.43,
Franklin India Government Securities Fund - Composite Plan - Direct Plan,3,GL-MLT    ,-0.71,6.57,,,,
Franklin India Government Securities Fund - Long Term Plan,2,GL-MLT    ,-2.01,5.5,7.81,7.67,7.78,
Franklin India Government Securities Fund - Long Term Plan - Direct Plan,3,GL-MLT    ,-1.01,6.59,,,,
Franklin India Government Securities Fund - PF Plan,1,GL-MLT    ,-1.83,5.37,7.68,7.53,,
Franklin India Government Securities Fund - PF Plan - Direct Plan,3,GL-MLT    ,-0.76,,,,,
Franklin India High Growth Companies Fund,4,EQ-MLC    ,33.23,19.76,23.97,20.56,,
Franklin India High Growth Companies Fund - Direct Plan,5,EQ-MLC    ,34.71,21.16,,,,
Franklin India Income Builder Fund,4,DT-INC    ,6.55,8.21,8.87,9.06,8.15,8.28
Franklin India Income Builder Fund - Direct Plan,5,DT-INC    ,7.24,8.92,,,,
Franklin India Income Opportunities Fund,4,DT-CO     ,7.65,8.71,9.16,,,
Franklin India Income Opportunities Fund - Direct Plan,4,DT-CO     ,8.42,9.52,,,,
Franklin India Index Fund - NSE Nifty Plan,2,EQ-LC     ,21.43,13.56,13.04,11.43,13.19,
Franklin India Index Fund - NSE Nifty Plan - Direct Plan,2,EQ-LC     ,21.96,14.03,,,,
Franklin India Life Stage Fund of Funds 20s,3,EQ-MLC    ,19.86,14.64,15.99,14.44,,
Franklin India Life Stage Fund of Funds 20s - Direct Plan,3,EQ-MLC    ,20.41,15.07,,,,
Franklin India Life Stage Fund of Funds 30s,2,HY-DA     ,15.35,12.5,13.55,12.57,,
Franklin India Life Stage Fund of Funds 30s - Direct Plan,3,HY-DA     ,16.12,13.21,,,,
Franklin India Life Stage Fund of Funds 40s,3,HY-DA     ,12.03,10.9,11.9,11.42,,
Franklin India Life Stage Fund of Funds 40s - Direct Plan,4,HY-DA     ,13.05,11.88,,,,
Franklin India Life Stage Fund of Funds 50s Plus,3,HY-DC     ,9.63,9.75,10.17,9.64,,
Franklin India Life Stage Fund of Funds 50s Plus - Direct Plan,3,HY-DC     ,10.52,10.61,,,,
Franklin India Life Stage Fund of Funds 50s Plus - Floating Rate,3,HY-DC     ,9.37,8.91,9.53,9.31,,
Franklin India Life Stage Fund of Funds 50s Plus - Floating Rate - Direct Plan,3,HY-DC     ,9.83,9.35,,,,
Franklin India Low Duration Fund,5,DT-ST     ,7.53,8.93,9.31,,,
Franklin India Low Duration Fund - Direct Plan,5,DT-ST     ,7.92,9.3,,,,
Franklin India Monthly Income Plan,2,HY-DC     ,7.7,8.18,9.98,9.81,9.45,
Franklin India Monthly Income Plan - Direct Plan,3,HY-DC     ,8.51,9.06,,,,
Franklin India Opportunities Fund,3,EQ-MLC    ,29.36,17.24,19.97,15.54,16.41,
Franklin India Opportunities Fund - Direct Plan,3,EQ-MLC    ,30.47,18.18,,,,
Franklin India Pension Fund,3,HY-DA     ,11.04,9.66,12.26,11.54,11.34,12.17
Franklin India Pension Fund - Direct Plan,4,HY-DA     ,11.88,10.49,,,,
Franklin India Prima Fund,4,EQ-MC     ,30.64,21.5,26.36,22.68,21.43,24.92
Franklin India Prima Fund - Direct Plan,4,EQ-MC     ,32.0,22.75,,,,
Franklin India Prima Plus Fund,4,EQ-MLC    ,23.83,15.76,19.4,17.28,19.37,22.07
Franklin India Prima Plus Fund - Direct Plan,4,EQ-MLC    ,25.17,17.03,,,,
Franklin India Savings Plus Fund - Direct Plan,4,DT-UST    ,6.95,7.86,,,,
Franklin India Savings Plus Fund - Retail Plan,3,DT-UST    ,6.76,7.55,7.98,8.2,7.91,
Franklin India Short Term Income Plan - Direct Plan,5,DT-ST     ,8.27,9.41,,,,
Franklin India Short Term Income Plan - Retail Plan,4,DT-ST     ,7.52,8.63,9.1,9.22,8.94,
Franklin India Smaller Companies Fund,4,EQ-SC     ,38.53,25.46,30.99,25.65,,
Franklin India Smaller Companies Fund - Direct Plan,4,EQ-SC     ,40.3,27.03,,,,
Franklin India Taxshield Fund,3,EQ-TS     ,23.6,15.19,18.89,17.44,18.8,
Franklin India Taxshield Fund - Direct Plan,4,EQ-TS     ,24.92,16.34,,,,
Franklin India Treasury Management Account Fund - Direct Plan,4,DT-LIQ    ,6.71,7.26,,,,
Franklin India Treasury Management Account Fund - Super Institutional Plan,3,DT-LIQ    ,6.65,7.19,7.78,8.14,,
Franklin India Ultra Short Bond Fund - Super Institutional Plan,5,DT-UST    ,7.73,8.86,9.26,9.2,,
Franklin India Ultra Short Bond Fund - Super Institutional Plan - Direct Plan,5,DT-UST    ,7.81,8.94,,,,
HDFC Arbitrage Fund - Wholesale - Direct Plan,3,HY-AR     ,5.99,6.58,,,,
HDFC Arbitrage Fund - Wholesale Plan,2,HY-AR     ,5.42,6.05,6.64,7.2,,
HDFC Balanced Fund,4,HY-EQ     ,22.76,17.29,19.59,18.06,17.62,
HDFC Balanced Fund - Direct Plan,5,HY-EQ     ,24.15,18.55,,,,
HDFC Banking and PSU Debt Fund - Direct Plan,3,DT-ST     ,6.28,8.6,,,,
HDFC Banking and PSU Debt Fund - Regular Plan,2,DT-ST     ,5.8,8.22,,,,
HDFC Capital Builder Fund,3,EQ-MLC    ,38.23,22.58,22.5,18.7,19.98,
HDFC Capital Builder Fund - Direct Plan,4,EQ-MLC    ,39.66,23.83,,,,
HDFC Cash Management Fund - Call Plan,1,DT-LIQ    ,5.87,6.19,6.71,6.95,6.7,
HDFC Cash Management Fund - Call Plan - Direct Plan,1,DT-LIQ    ,5.92,6.25,,,,
HDFC Cash Management Fund - Savings Plan,2,DT-LIQ    ,6.35,6.94,7.56,7.96,7.73,
HDFC Cash Management Fund - Savings Plan - Direct Plan,3,DT-LIQ    ,6.56,7.15,,,,
HDFC Cash Management Fund - Treasury Advantage Plan - Direct Plan,3,DT-UST    ,6.66,8.01,,,,
HDFC Cash Management Fund - Treasury Advantage Plan - Retail Plan,2,DT-UST    ,5.96,7.25,7.62,7.76,7.53,
HDFC Children's Gift Fund,4,HY-EQ     ,26.02,17.72,18.79,18.29,17.16,
HDFC Children's Gift Fund - Direct Plan,4,HY-EQ     ,27.23,18.76,,,,
HDFC Core & Satellite Fund,1,EQ-MLC    ,38.25,22.19,21.35,16.14,,
HDFC Core & Satellite Fund - Direct Plan,1,EQ-MLC    ,39.78,23.52,,,,
HDFC Corporate Debt Opportunities Fund - Direct Plan,3,DT-CO     ,6.36,9.3,,,,
HDFC Corporate Debt Opportunities Fund - Regular Plan,2,DT-CO     ,5.38,8.26,,,,
HDFC Dynamic PE Ratio Fund of Funds - Direct Plan,3,HY-AA     ,19.28,16.04,,,,
HDFC Dynamic PE Ratio Fund of Funds - Regular Plan,1,HY-AA     ,18.15,14.97,12.91,,,
HDFC Equity Fund,2,EQ-LC     ,31.56,20.01,19.65,17.04,19.73,23.33
HDFC Equity Fund - Direct Plan,3,EQ-LC     ,32.72,21,,,,
HDFC Floating Rate Income Fund - Long Term Plan,2,DT-ST     ,5.12,7.38,7.98,8.48,,
HDFC Floating Rate Income Fund - Long Term Plan - Direct Plan,2,DT-ST     ,5.17,7.43,,,,
HDFC Floating Rate Income Fund - Short Term Plan - Wholesale Plan,3,DT-UST    ,6.45,7.75,8.29,8.45,,
HDFC Floating Rate Income Fund - Short Term Plan - Wholesale Plan - Direct Plan,3,DT-UST    ,6.6,7.88,,,,
HDFC Gilt Fund - Long Term Plan,2,GL-MLT    ,1.3,6.96,8.78,8.32,7.39,
HDFC Gilt Fund - Long Term Plan - Direct Plan,3,GL-MLT    ,1.71,7.44,,,,
HDFC Gilt Fund - Short Term Plan,1,GL-ST     ,3.73,7.39,8.1,7.72,6.96,
HDFC Gilt Fund - Short Term Plan - Direct Plan,2,GL-ST     ,3.95,7.67,,,,
HDFC Growth Fund,3,EQ-LC     ,30.39,19.84,18.48,14.96,17.83,
HDFC Growth Fund - Direct Plan,3,EQ-LC     ,31.24,20.57,,,,
HDFC High Interest Fund - Dynamic Plan,2,DT-DB     ,2.18,6.88,8.39,8.53,7.89,8.07
HDFC High Interest Fund - Dynamic Plan - Direct Plan,3,DT-DB     ,2.84,7.65,,,,
HDFC High Interest Fund - Short Term Plan,2,DT-ST     ,5.1,7.74,8.4,8.53,8.44,
HDFC High Interest Fund - Short Term Plan - Direct Plan,3,DT-ST     ,5.9,8.38,,,,
HDFC Income Fund,1,DT-INC    ,0.77,5.99,7.57,7.83,7.42,
HDFC Income Fund - Direct Plan,2,DT-INC    ,1.35,6.83,,,,
HDFC Index Fund - Nifty Plan,2,EQ-LC     ,22.62,14.38,13.82,11.73,12.44,
HDFC Index Fund - Nifty Plan - Direct Plan,3,EQ-LC     ,22.8,14.55,,,,
HDFC Index Fund - Sensex Plan,2,EQ-LC     ,23.21,14.06,13.27,11.54,12.5,
HDFC Index Fund - Sensex Plan - Direct Plan,2,EQ-LC     ,23.4,14.23,,,,
HDFC Index Fund - Sensex Plus Plan,2,EQ-LC     ,24.74,15.25,14.42,13.08,15.32,
HDFC Index Fund - Sensex Plus Plan - Direct Plan,3,EQ-LC     ,25.06,15.54,,,,
HDFC Infrastructure Fund,1,EQ-INFRA  ,41.54,21.24,21.33,,,
HDFC Infrastructure Fund - Direct Plan,2,EQ-INFRA  ,42.65,22.19,,,,
HDFC Large Cap Fund - Direct Plan,1,EQ-LC     ,24.99,15.18,,,,
HDFC Large Cap Fund - Regular Plan,1,EQ-LC     ,24.87,15.05,13.22,11.36,12.58,
HDFC Liquid Fund,2,DT-LIQ    ,6.43,7.03,7.64,7.97,7.69,
HDFC Liquid Fund - Direct Plan,3,DT-LIQ    ,6.54,7.13,,,,
HDFC Long Term Advantage Fund,3,EQ-TS     ,33.32,22.22,20.85,17.52,18.64,
HDFC Long Term Advantage Fund - Direct Plan,3,EQ-TS     ,34.23,23,,,,
HDFC Medium Term Opportunities Fund,4,DT-INC    ,5.64,8.06,8.7,,,
HDFC Medium Term Opportunities Fund - Direct Plan,4,DT-INC    ,5.75,8.17,,,,
HDFC MF Monthly Income Plan - Long Term Plan,2,HY-DA     ,9.19,10.66,11.58,11.07,,
HDFC MF Monthly Income Plan - Long Term Plan - Direct Plan,3,HY-DA     ,9.88,11.31,,,,
HDFC MF Monthly Income Plan - Short Term Plan,2,HY-DC     ,10.95,10.06,10.09,9.29,,
HDFC MF Monthly Income Plan - Short Term Plan - Direct Plan,2,HY-DC     ,12.19,11.29,,,,
HDFC Mid-Cap Opportunities Fund,4,EQ-MC     ,34.73,24.56,28.13,24.32,,
HDFC Mid-Cap Opportunities Fund - Direct Plan,4,EQ-MC     ,36.09,25.73,,,,
HDFC Multiple Yield Fund - Plan 2005,3,HY-DC     ,11.78,10.08,10.59,10.41,,
HDFC Multiple Yield Fund - Plan 2005 - Direct Plan,3,HY-DC     ,12.41,10.7,,,,
HDFC Premier Multi-Cap Fund,1,EQ-MLC    ,31.22,18.4,18.39,14.41,,
HDFC Premier Multi-Cap Fund - Direct Plan,1,EQ-MLC    ,32.03,19.1,,,,
HDFC Prudence Fund,2,HY-EQ     ,23.36,17.84,18.87,17.09,18.73,
HDFC Prudence Fund - Direct Plan,3,HY-EQ     ,24.84,19.05,,,,
HDFC Regular Savings Fund,4,DT-ST     ,5.44,7.96,8.73,8.76,8.55,
HDFC Regular Savings Fund - Direct Plan,5,DT-ST     ,6.17,8.62,,,,
HDFC Short Term Opportunities Fund,4,DT-ST     ,5.83,7.63,8.33,,,
HDFC Short Term Opportunities Fund - Direct Plan,4,DT-ST     ,5.99,7.79,,,,
HDFC Small Cap Fund - Direct Plan,3,EQ-SC     ,62.45,33.87,,,,
HDFC Small Cap Fund - Regular Plan,2,EQ-SC     ,60.53,32.33,28.56,,,
HDFC Taxsaver Fund,1,EQ-TS     ,33.0,21.03,20.44,17.01,19.55,25.04
HDFC Taxsaver Fund - Direct Plan,2,EQ-TS     ,33.91,21.8,,,,
HDFC Top 200 Fund,3,EQ-LC     ,23.89,17.61,17.3,15.28,18.82,21.12
HDFC Top 200 Fund - Direct Plan,3,EQ-LC     ,24.81,18.43,,,,
HSBC Cash Fund,3,DT-LIQ    ,6.62,7.11,7.68,,,
HSBC Cash Fund - Direct Plan,3,DT-LIQ    ,6.69,7.17,,,,
HSBC Dynamic Fund,3,EQ-LC     ,19.46,13.37,12.87,9.79,,
HSBC Dynamic Fund - Direct Plan,3,EQ-LC     ,20.3,14.15,,,,
HSBC Equity Fund,3,EQ-LC     ,21.52,16.18,15.52,12.11,,
HSBC Equity Fund - Direct Plan,3,EQ-LC     ,22.4,17,,,,
HSBC Flexi Debt Fund,1,DT-INC    ,0.64,5.47,6.97,7.8,,
HSBC Flexi Debt Fund - Direct Plan,2,DT-INC    ,1.4,6.26,,,,
HSBC Income Fund - Investment Plan,1,DT-INC    ,-0.02,4.9,6.46,7.23,,
HSBC Income Fund - Investment Plan - Direct Plan,2,DT-INC    ,0.73,5.7,,,,
HSBC Income Fund - Short Term Plan,1,DT-ST     ,4.66,6.77,7.51,7.73,,
HSBC Income Fund - Short Term Plan - Direct Plan,3,DT-ST     ,5.62,7.77,,,,
HSBC India Opportunities Fund,3,EQ-MLC    ,30.01,18.97,20.47,16.16,,
HSBC India Opportunities Fund - Direct Plan,3,EQ-MLC    ,31.0,19.82,,,,
HSBC Midcap Equity Fund,1,EQ-SC     ,52.87,28.57,31.75,20.24,,
HSBC Midcap Equity Fund - Direct Plan,2,EQ-SC     ,54.02,29.48,,,,
HSBC Monthly Income Plan,2,HY-DC     ,7.4,8.43,9.6,9.57,,
HSBC Monthly Income Plan - Direct Plan,2,HY-DC     ,7.98,9,,,,
HSBC Tax Saver Equity Fund,3,EQ-TS     ,32.52,21.47,21.32,17.52,,
HSBC Tax Saver Equity Fund - Direct Plan,3,EQ-TS     ,33.46,22.3,,,,
HSBC Ultra Short Term Bond Fund,2,DT-UST    ,5.86,6.91,7.55,7.63,,
HSBC Ultra Short Term Bond Fund - Direct Plan,4,DT-UST    ,6.72,7.77,,,,
ICICI Prudential Advisor Series - Cautious Plan,1,HY-DC     ,5.6,6.52,8.1,8.37,,
ICICI Prudential Advisor Series - Cautious Plan - Direct Plan,1,HY-DC     ,6.07,7,,,,
ICICI Prudential Advisor Series - Dynamic Accrual Plan,5,DT-INC    ,5.95,8.61,9.41,8.52,,
ICICI Prudential Advisor Series - Dynamic Accrual Plan - Direct Plan,5,DT-INC    ,6.39,9.05,,,,
ICICI Prudential Advisor Series - Long Term Savings Plan,2,HY-EQ     ,13.82,13.22,13.53,12.27,,
ICICI Prudential Advisor Series - Long Term Savings Plan - Direct Plan,2,HY-EQ     ,14.27,13.63,,,,
ICICI Prudential Advisor Series - Moderate Plan,1,HY-DA     ,10.49,12.04,12.61,11.5,,
ICICI Prudential Advisor Series - Moderate Plan - Direct Plan,2,HY-DA     ,10.78,12.27,,,,
ICICI Prudential Balanced Advantage Fund,3,HY-EQ     ,17.0,13.02,14.4,14.38,,
ICICI Prudential Balanced Advantage Fund - Direct Plan,4,HY-EQ     ,18.51,14.54,,,,
ICICI Prudential Balanced Fund,4,HY-EQ     ,22.62,17.92,19.13,17.2,16.52,
ICICI Prudential Balanced Fund - Direct Plan,5,HY-EQ     ,24.39,19.51,,,,
ICICI Prudential Banking & PSU Debt Fund,4,DT-INC    ,4.84,8.33,8.93,,,
ICICI Prudential Banking & PSU Debt Fund - Direct Plan,4,DT-INC    ,5.11,8.62,,,,
ICICI Prudential Banking and Financial Services Fund,5,EQ-BANK   ,26.36,26.72,26.83,,,
ICICI Prudential Banking and Financial Services Fund - Direct Plan,5,EQ-BANK   ,28.1,28.29,,,,
ICICI Prudential Child Care Plan - Gift Plan,2,HY-EQ     ,21.08,14.65,17.28,15.49,15.19,
ICICI Prudential Child Care Plan - Gift Plan - Direct Plan,2,HY-EQ     ,22.07,15.58,,,,
ICICI Prudential Child Care Plan - Study Plan,5,HY-DC     ,8.93,10.77,13.95,13.67,12.86,
ICICI Prudential Child Care Plan - Study Plan - Direct Plan,5,HY-DC     ,9.6,11.31,,,,
ICICI Prudential Constant Maturity Gilt Fund,3,GL-MLT    ,2.26,7.61,,,,
ICICI Prudential Constant Maturity Gilt Fund - Direct Plan,3,GL-MLT    ,2.49,7.88,,,,
ICICI Prudential Corporate Bond Fund,1,DT-CO     ,5.48,7.86,8.63,8.44,,
ICICI Prudential Corporate Bond Fund - Direct Plan,3,DT-CO     ,6.39,8.85,,,,
ICICI Prudential Dividend Yield Equity Fund,2,EQ-MC     ,32.95,23,,,,
ICICI Prudential Dividend Yield Equity Fund - Direct Plan,2,EQ-MC     ,33.91,23.78,,,,
ICICI Prudential Dynamic Bond Fund,3,DT-DB     ,3.3,7.84,8.89,,,
ICICI Prudential Dynamic Bond Fund - Direct Plan,4,DT-DB     ,4.22,8.66,,,,
ICICI Prudential Dynamic Plan,3,EQ-MLC    ,24.83,18.61,18.34,16.43,19.31,
ICICI Prudential Dynamic Plan - Direct Plan,3,EQ-MLC    ,26.11,19.64,,,,
ICICI Prudential Equity Arbitrage Fund,3,HY-AR     ,5.68,6.15,6.85,7.52,,
ICICI Prudential Equity Arbitrage Fund - Direct Plan,5,HY-AR     ,6.34,6.81,,,,
ICICI Prudential Flexible Income Plan,3,DT-UST    ,6.55,7.9,8.42,8.57,8.18,
ICICI Prudential Flexible Income Plan - Direct Plan,3,DT-UST    ,6.69,8.04,,,,
ICICI Prudential Focused Bluechip Equity Fund,4,EQ-LC     ,28.91,18.5,18.29,,,
ICICI Prudential Focused Bluechip Equity Fund - Direct Plan,4,EQ-LC     ,30.1,19.59,,,,
ICICI Prudential Gilt Fund - Investment Plan - PF Option,3,GL-MLT    ,2.32,8.33,9.78,9.31,,
ICICI Prudential Gilt Fund - Investment Plan - PF Option - Direct Plan,4,GL-MLT    ,2.59,8.62,,,,
ICICI Prudential Gilt Fund - Treasury Plan - PF Option,4,GL-ST     ,5.25,9.48,7.93,7.07,,
ICICI Prudential Gilt Fund - Treasury Plan - PF Option - Direct Plan,4,GL-ST     ,5.65,9.97,,,,
ICICI Prudential Income Opportunities Fund,3,DT-INC    ,4.32,7.53,8.68,,,
ICICI Prudential Income Opportunities Fund - Direct Plan,3,DT-INC    ,4.94,8.08,,,,
ICICI Prudential Income Plan,3,DT-INC    ,2.85,7.89,8.87,8.48,8.29,
ICICI Prudential Income Plan - Direct Plan,3,DT-INC    ,3.67,8.86,,,,
ICICI Prudential Indo Asia Equity Fund,3,EQ-MC     ,41.01,23.07,22.09,18.07,,
ICICI Prudential Indo Asia Equity Fund - Direct Plan,3,EQ-MC     ,41.68,23.62,,,,
ICICI Prudential Infrastructure Fund,2,EQ-INFRA  ,36.13,20.22,19.48,12.72,,
ICICI Prudential Infrastructure Fund - Direct Plan,2,EQ-INFRA  ,37.35,21.08,,,,
ICICI Prudential Liquid Plan,3,DT-LIQ    ,6.55,7.12,7.7,8.07,,
ICICI Prudential Liquid Plan - Direct Plan,3,DT-LIQ    ,6.61,7.17,,,,
ICICI Prudential Long Term Equity Fund (Tax Saving),2,EQ-TS     ,23.14,14.85,17.91,17.28,19.26,
ICICI Prudential Long Term Equity Fund (Tax Saving) - Direct Plan,3,EQ-TS     ,24.74,16.27,,,,
ICICI Prudential Long Term Fund,4,DT-DB     ,3.97,8.93,10.59,,,
ICICI Prudential Long Term Fund - Direct Plan,5,DT-DB     ,4.69,9.69,,,,
ICICI Prudential Long Term Gilt Fund,3,GL-MLT    ,1.13,7.73,9.05,8.7,8.67,
ICICI Prudential Long Term Gilt Fund - Direct Plan,3,GL-MLT    ,1.78,8.41,,,,
ICICI Prudential Midcap Fund,3,EQ-MC     ,39.28,23.32,27.76,20.88,,
ICICI Prudential Midcap Fund - Direct Plan,3,EQ-MC     ,40.87,24.52,,,,
ICICI Prudential MIP 25,4,HY-DC     ,10.63,11.15,12.13,11.19,,
ICICI Prudential MIP 25 - Direct Plan,4,HY-DC     ,11.65,12.08,,,,
ICICI Prudential Money Market Fund,3,DT-LIQ    ,6.57,7.13,7.69,7.87,,
ICICI Prudential Money Market Fund - Direct Plan,4,DT-LIQ    ,6.68,7.22,,,,
ICICI Prudential Monthly Income Plan,2,HY-DC     ,6.33,8.46,9.71,9.46,9.17,
ICICI Prudential Monthly Income Plan - Direct Plan,3,HY-DC     ,6.96,9.06,,,,
ICICI Prudential Multicap Fund,2,EQ-MLC    ,22.75,16.94,19.28,16.37,17.63,
ICICI Prudential Multicap Fund - Direct Plan,2,EQ-MLC    ,24.27,18.22,,,,
ICICI Prudential Nifty 100 iWIN ETF Fund,3,EQ-LC     ,24.25,15.86,,,,
ICICI Prudential Nifty Index Fund,2,EQ-LC     ,21.73,13.85,13.45,11.9,13.93,
ICICI Prudential Nifty Index Fund - Direct Plan,2,EQ-LC     ,22.24,14.27,,,,
ICICI Prudential Nifty iWIN ETF Fund,3,EQ-LC     ,23.0,14.85,,,,
ICICI Prudential Nifty Next 50 Index Fund,4,EQ-MLC    ,35.3,24.35,23.59,,,
ICICI Prudential Nifty Next 50 Index Fund - Direct Plan,5,EQ-MLC    ,35.85,24.87,,,,
ICICI Prudential Regular Income Fund,4,HY-DC     ,6.28,8.08,8.98,,,
ICICI Prudential Regular Income Fund - Direct Plan,5,HY-DC     ,6.96,9.12,,,,
ICICI Prudential Regular Savings Fund,3,DT-CO     ,5.89,7.91,8.58,,,
ICICI Prudential Regular Savings Fund - Direct Plan,3,DT-CO     ,6.86,8.91,,,,
ICICI Prudential Savings Fund,2,DT-UST    ,5.82,7.53,8.05,8.28,,
ICICI Prudential Savings Fund - Direct Plan,4,DT-UST    ,6.71,8.47,,,,
ICICI Prudential Select Large Cap Fund,3,EQ-LC     ,21.48,14.24,14.92,,,
ICICI Prudential Select Large Cap Fund - Direct Plan,3,EQ-LC     ,22.98,15.65,,,,
ICICI Prudential Short Term Fund,2,DT-ST     ,5.09,7.87,8.58,8.64,8.53,
ICICI Prudential Short Term Fund - Direct Plan,4,DT-ST     ,6.0,8.72,,,,
ICICI Prudential Short Term Fund - Gilt Plan,3,GL-ST     ,4.76,7.95,8.66,8.26,8.1,
ICICI Prudential Short Term Fund - Gilt Plan - Direct Plan,3,GL-ST     ,5.16,8.38,,,,
ICICI Prudential Top 100 Fund,2,EQ-MLC    ,24.8,18.53,17.97,15.69,17.07,
ICICI Prudential Top 100 Fund - Direct Plan,3,EQ-MLC    ,26.49,19.86,,,,
ICICI Prudential Ultra Short Term Plan,3,DT-ST     ,5.49,7.7,8.29,,,
ICICI Prudential Ultra Short Term Plan - Direct Plan,3,DT-ST     ,5.83,8.05,,,,
ICICI Prudential Value Discovery Fund,4,EQ-LC     ,20.25,13.24,19.93,20.74,,
ICICI Prudential Value Discovery Fund - Direct Plan,4,EQ-LC     ,21.53,14.53,,,,
Templeton India Equity Income Fund,3,EQ-MLC    ,28.27,19.3,18.18,15.88,,
Templeton India Equity Income Fund - Direct Plan,3,EQ-MLC    ,29.2,20.1,,,,
Templeton India Growth Fund,3,EQ-MLC    ,31.17,21.64,20.82,16.28,17.89,19.96
Templeton India Growth Fund - Direct Plan,3,EQ-MLC    ,32.18,22.51,,,,
CPSE Exchange Traded Fund,1,EQ-LC     ,17.94,16.03,,,,
Reliance Arbitrage Advantage Fund,3,HY-AR     ,5.61,6.1,6.79,,,
Reliance Arbitrage Advantage Fund - Direct Plan,4,HY-AR     ,6.26,6.73,,,,
Reliance Banking & PSU Debt Fund,3,DT-INC    ,5.23,,,,,
Reliance Banking & PSU Debt Fund - Direct Plan,3,DT-INC    ,5.44,,,,,
Reliance Banking Fund,4,EQ-BANK   ,26.24,22.67,22.77,19.56,,
Reliance Banking Fund - Direct Plan,4,EQ-BANK   ,27.39,23.63,,,,
Reliance Corporate Bond Fund,1,DT-CO     ,5.61,8.46,,,,
Reliance Corporate Bond Fund - Direct Plan,3,DT-CO     ,6.7,9.48,,,,
Reliance Dynamic Bond Fund,2,DT-DB     ,2.15,7,8.28,8.32,,
Reliance Dynamic Bond Fund - Direct Plan,3,DT-DB     ,2.82,7.7,,,,
Reliance Equity Opportunities Fund,2,EQ-MLC    ,37.92,17.61,19,18.78,,
Reliance Equity Opportunities Fund - Direct Plan,2,EQ-MLC    ,39.01,18.49,,,,
Reliance ETF Bank BeES,3,EQ-BANK   ,28.25,20.58,20.35,17.47,,
Reliance ETF Dividend Opportunities,3,EQ-LC     ,23.66,18.3,,,,
Reliance ETF Infra BeES,1,EQ-INFRA  ,26.43,13.3,10.67,,,
Reliance ETF Junior BeES,4,EQ-MLC    ,36.32,24.54,23.94,19.27,,
Reliance ETF Liquid BeES,1,DT-LIQ    ,5.06,5.43,5.91,6.34,,
Reliance ETF Nifty 100,3,EQ-LC     ,24.03,15.51,,,,
Reliance ETF Nifty BeES,3,EQ-LC     ,23.12,14.66,14.05,12.44,14.22,
Reliance ETF PSU Bank BeES,1,EQ-BANK   ,24.09,13.68,9.75,6.29,,
Reliance ETF Sensex,2,EQ-LC     ,23.69,14.35,,,,
Reliance Floating Rate Fund - Short Term Plan,3,DT-ST     ,5.21,7.2,7.94,8.18,,
Reliance Floating Rate Fund - Short Term Plan - Direct Plan,3,DT-ST     ,5.68,7.69,,,,
Reliance Focused Large Cap Fund,3,EQ-LC     ,22.53,15.04,16.14,12.71,,
Reliance Focused Large Cap Fund - Direct Plan,4,EQ-LC     ,23.49,15.89,,,,
Reliance Gilt Securities Fund,4,GL-MLT    ,1.86,8.19,9.61,8.71,,
Reliance Gilt Securities Fund - Direct Plan,5,GL-MLT    ,3.03,9.44,,,,
Reliance Gilt Securities PF,4,GL-MLT    ,1.86,8.19,9.61,,,
Reliance Growth Fund,1,EQ-MC     ,35.62,21.86,22.79,17.39,21.23,
Reliance Growth Fund - Direct Plan,2,EQ-MC     ,36.68,22.77,,,,
Reliance Income Fund,2,DT-INC    ,1.68,6.54,7.72,7.88,7.8,
Reliance Income Fund - Direct Plan,2,DT-INC    ,2.53,7.48,,,,
Reliance Index Fund - Nifty Plan,2,EQ-LC     ,21.88,13.48,12.99,,,
Reliance Index Fund - Nifty Plan - Direct Plan,2,EQ-LC     ,22.66,14.14,,,,
Reliance Liquid Fund - Cash Plan,1,DT-LIQ    ,5.76,6.28,6.9,7.27,6.83,
Reliance Liquid Fund - Cash Plan - Direct Plan,4,DT-LIQ    ,6.75,7.29,,,,
Reliance Liquid Fund - Treasury Plan,3,DT-LIQ    ,6.6,7.14,7.71,8.05,,
Reliance Liquid Fund - Treasury Plan - Direct Plan,4,DT-LIQ    ,6.68,7.23,,,,
Reliance Liquidity Fund,2,DT-LIQ    ,6.51,7.07,7.66,8.03,,
Reliance Liquidity Fund - Direct Plan,3,DT-LIQ    ,6.62,7.18,,,,
Reliance Medium Term Fund,4,DT-ST     ,6.07,7.64,8.17,8.3,7.71,
Reliance Medium Term Fund - Direct Plan,4,DT-ST     ,6.51,8.15,,,,
Reliance Mid & Small Cap Fund,2,EQ-MC     ,36.46,22.71,27.01,20.94,,
Reliance Mid & Small Cap Fund - Direct Plan,2,EQ-MC     ,37.94,23.89,,,,
Reliance Money Manager Fund,2,DT-UST    ,6.19,7.41,7.96,8.27,,
Reliance Money Manager Fund - Direct Plan,3,DT-UST    ,6.53,7.75,,,,
Reliance Monthly Income Plan,2,HY-DC     ,7.78,8.75,10.31,10.56,,
Reliance Monthly Income Plan - Direct Plan,3,HY-DC     ,8.74,9.7,,,,
Reliance NRI Equity Fund,3,EQ-LC     ,17.17,13.98,15.12,14.61,,
Reliance NRI Equity Fund - Direct Plan,4,EQ-LC     ,17.88,14.64,,,,
Reliance Quant Plus Fund - Direct Plan,2,EQ-LC     ,23.94,15.14,,,,
Reliance Quant Plus Fund - Retail Plan,1,EQ-LC     ,23.04,14.89,13.64,,,
Reliance Regular Savings Fund - Balanced Option,3,HY-EQ     ,23.25,16.87,18.44,16.6,,
Reliance Regular Savings Fund - Balanced Option - Direct Plan,4,HY-EQ     ,25.18,18.54,,,,
Reliance Regular Savings Fund - Debt Option,3,DT-CO     ,6.17,8.16,8.76,8.62,,
Reliance Regular Savings Fund - Debt Option - Direct Plan,4,DT-CO     ,7.14,9.14,,,,
Reliance Regular Savings Fund - Equity Option,1,EQ-MC     ,41.12,21.79,22,17.34,,
Reliance Regular Savings Fund - Equity Option - Direct Plan,1,EQ-MC     ,42.26,22.73,,,,
Reliance Short Term Fund,2,DT-ST     ,4.85,7.28,8.13,8.41,,
Reliance Short Term Fund - Direct Plan,3,DT-ST     ,5.48,7.93,,,,
Reliance Small Cap Fund,3,EQ-SC     ,62.15,35.78,38.94,,,
Reliance Small Cap Fund - Direct Plan,3,EQ-SC     ,64.15,37.25,,,,
Reliance Tax Saver (ELSS) Fund,3,EQ-TS     ,40.25,22.89,25.41,20.89,,
Reliance Tax Saver (ELSS) Fund - Direct Plan,3,EQ-TS     ,41.65,23.91,,,,
Reliance Top 200 Fund - Direct Plan,5,EQ-LC     ,33.25,20.31,,,,
Reliance Top 200 Fund - Retail Plan,4,EQ-LC     ,31.8,19.07,20.09,16.5,,
Reliance Vision Fund,3,EQ-LC     ,38.93,20.65,21.17,15.57,17.52,22
Reliance Vision Fund - Direct Plan,4,EQ-LC     ,39.88,21.44,,,,
SBI Arbitrage Opportunities Fund,2,HY-AR     ,5.67,5.89,6.61,7.24,,
SBI Arbitrage Opportunities Fund - Direct Plan,3,HY-AR     ,6.2,6.43,,,,
SBI Bluechip Fund,5,EQ-LC     ,24.28,16.37,19.03,16.51,,
SBI Bluechip Fund - Direct Plan,5,EQ-LC     ,25.72,17.68,,,,
SBI Contra Fund,2,EQ-MLC    ,37.56,19.38,18.85,14.23,18.85,
SBI Contra Fund - Direct Plan,2,EQ-MLC    ,38.37,20.07,,,,
SBI Corporate Bond Fund,2,DT-CO     ,5.8,8.25,9.11,9.07,,
SBI Corporate Bond Fund - Direct Plan,3,DT-CO     ,6.65,9.05,,,,
SBI Dynamic Bond Fund,4,DT-DB     ,2.61,7.94,8.55,8.46,,
SBI Dynamic Bond Fund - Direct Plan,5,DT-DB     ,3.4,8.69,,,,
SBI Emerging Businesses Fund,2,EQ-MC     ,45.86,22.39,22.45,21.19,,
SBI Emerging Businesses Fund - Direct Plan,2,EQ-MC     ,47.16,23.43,,,,
SBI ETF Sensex,2,EQ-LC     ,23.72,14.41,,,,
SBI Infrastructure Fund,3,EQ-INFRA  ,45.44,23.93,22.17,12.12,,
SBI Infrastructure Fund - Direct Plan,3,EQ-INFRA  ,46.3,24.59,,,,
SBI Magnum Balanced Fund,4,HY-EQ     ,26.1,15.46,17.86,15.63,16.97,
SBI Magnum Balanced Fund - Direct Plan,4,HY-EQ     ,27.46,16.76,,,,
SBI Magnum Children's Benefit Plan,5,HY-DC     ,25.7,19.39,18.34,14.23,12.21,
SBI Magnum Children's Benefit Plan - Direct Plan,5,HY-DC     ,26.72,20.26,,,,
SBI Magnum Equity Fund,3,EQ-LC     ,18.56,12.85,15.09,14.18,16.84,
SBI Magnum Equity Fund - Direct Plan,4,EQ-LC     ,19.51,13.72,,,,
SBI Magnum Gilt Fund - Long Term Plan,5,GL-MLT    ,2.37,8.43,10.19,9.33,7.88,
SBI Magnum Gilt Fund - Long Term Plan - Direct Plan,5,GL-MLT    ,2.91,9.02,,,,
SBI Magnum Gilt Fund - Short Term Plan,4,GL-ST     ,5.57,8.87,9.7,9.16,8.39,
SBI Magnum Gilt Fund - Short Term Plan - Direct Plan,5,GL-ST     ,5.91,9.25,,,,
SBI Magnum Global Fund,3,EQ-MC     ,47.31,19.72,23.11,20.9,22.8,
SBI Magnum Global Fund - Direct Plan,3,EQ-MC     ,48.65,20.82,,,,
SBI Magnum Income Fund,4,DT-INC    ,4.43,8.26,8.6,8.35,7.26,
SBI Magnum Income Fund - Direct Plan,4,DT-INC    ,5.4,9.03,,,,
SBI Magnum InstaCash Fund,3,DT-LIQ    ,6.54,7.1,7.68,7.96,7.65,
SBI Magnum InstaCash Fund - Direct Plan,4,DT-LIQ    ,6.66,7.2,,,,
SBI Magnum InstaCash Fund - Liquid Floater,1,DT-LIQ    ,5.78,6.28,6.96,7.54,7.41,
SBI Magnum InstaCash Fund - Liquid Floater - Direct Plan,2,DT-LIQ    ,5.9,6.42,,,,
SBI Magnum Midcap Fund,4,EQ-MC     ,28.81,19.09,26.18,21.85,,
SBI Magnum Midcap Fund - Direct Plan,4,EQ-MC     ,30.29,20.45,,,,
SBI Magnum Monthly Income Plan,4,HY-DC     ,6.4,9.45,10.58,9.65,8.57,
SBI Magnum Monthly Income Plan - Direct Plan,5,HY-DC     ,7.38,10.54,,,,
SBI Magnum Monthly Income Plan - Floater,5,HY-DC     ,10.99,9.84,10.84,10.07,,
SBI Magnum Monthly Income Plan - Floater - Direct Plan,5,HY-DC     ,12.04,10.95,,,,
SBI Magnum Multicap Fund,5,EQ-MLC    ,32.16,21.09,23.25,17.32,,
SBI Magnum Multicap Fund - Direct Plan,5,EQ-MLC    ,33.7,22.37,,,,
SBI Magnum Multiplier Fund,4,EQ-MLC    ,36.84,20.32,22.11,17.93,20.79,19.78
SBI Magnum Multiplier Fund - Direct Plan,4,EQ-MLC    ,37.64,20.94,,,,
SBI Magnum Taxgain Scheme,2,EQ-TS     ,28.15,16.16,18.13,15.54,20.32,
SBI Magnum Taxgain Scheme - Direct Plan,3,EQ-TS     ,29.01,16.87,,,,
SBI Nifty Index Fund,2,EQ-LC     ,22.23,13.95,13.06,11.31,12.54,
SBI Nifty Index Fund - Direct Plan,2,EQ-LC     ,22.71,14.47,,,,
SBI Premier Liquid Fund,2,DT-LIQ    ,6.49,7.04,7.63,7.97,,
SBI Premier Liquid Fund - Direct Plan,3,DT-LIQ    ,6.56,7.1,,,,
SBI Regular Savings Fund,5,DT-INC    ,6.09,9.26,10.08,9.18,,
SBI Regular Savings Fund - Direct Plan,5,DT-INC    ,7.07,10.36,,,,
SBI Savings Fund,2,DT-UST    ,5.92,7.17,7.75,8.19,,
SBI Savings Fund - Direct Plan,4,DT-UST    ,6.65,7.93,,,,
SBI Short Term Debt Fund,3,DT-ST     ,4.94,7.36,8.01,8.22,,
SBI Short Term Debt Fund - Direct Plan,4,DT-ST     ,5.59,7.97,,,,
SBI Small & Midcap Fund,5,EQ-SC     ,92.13,41.51,42.52,,,
SBI Small & Midcap Fund - Direct Plan,5,EQ-SC     ,94.0,43.05,,,,
SBI Treasury Advantage Fund,2,DT-UST    ,6.06,7.28,7.98,,,
SBI Treasury Advantage Fund - Direct Plan,4,DT-UST    ,6.6,7.88,,,,
SBI Ultra Short Term Debt Fund,3,DT-UST    ,6.26,7.35,7.93,8.13,,
SBI Ultra Short Term Debt Fund - Direct Plan,3,DT-UST    ,6.35,7.45,,,,
Shriram Equity and Debt Opportunities Fund,1,HY-EQ     ,16.94,11.04,,,,
Shriram Equity and Debt Opportunities Fund - Direct Plan,2,HY-EQ     ,17.69,11.72,,,,
Sundaram Balanced Fund - Direct Plan,2,HY-EQ     ,19.2,14.44,,,,
Sundaram Balanced Fund - Regular Plan,1,HY-EQ     ,17.7,13.58,12.66,10.56,11.62,
Sundaram Bond Saver - Direct Plan,3,DT-INC    ,5.97,8.03,,,,
Sundaram Bond Saver - Regular Plan,2,DT-INC    ,5.03,7.3,7.86,7.67,6.96,7.27
Sundaram Diversified Equity A Long Term Tax Saver Fund,3,EQ-TS     ,29.04,20.43,20.51,15.84,18.71,
Sundaram Diversified Equity A Long Term Tax Saver Fund - Direct Plan,3,EQ-TS     ,29.9,21.02,,,,
Sundaram Equity Multiplier Fund,3,EQ-MLC    ,30.46,20.48,21.01,15.27,,
Sundaram Equity Multiplier Fund - Direct Plan,3,EQ-MLC    ,31.92,21.24,,,,
Sundaram Financial Services Opportunities Fund - Direct Plan,3,EQ-BANK   ,22.42,19.53,,,,
Sundaram Financial Services Opportunities Fund - Regular Plan,3,EQ-BANK   ,20.95,18.59,18.81,,,
Sundaram Flexible Fund - Flexible Income Plan - Direct Plan,4,DT-INC    ,5.17,8.3,,,,
Sundaram Flexible Fund - Flexible Income Plan - Regular Plan,3,DT-INC    ,4.56,7.8,8.8,7.8,,
Sundaram Gilt Fund - Direct Plan,1,GL-MLT    ,0.97,5.84,,,,
Sundaram Gilt Fund - Regular Plan,1,GL-MLT    ,0.47,5.3,7.31,8.11,,
Sundaram Income Plus,1,DT-UST    ,6.35,6.92,7.9,7.28,6.48,
Sundaram Income Plus Direct,4,DT-UST    ,7.61,,,,,
Sundaram Infrastructure Advantage Fund - Direct Plan,3,EQ-INFRA  ,55.2,27.36,,,,
Sundaram Infrastructure Advantage Fund - Regular Plan,3,EQ-INFRA  ,53.7,26.75,24.78,12.78,,
Sundaram Money Fund - Direct Plan,4,DT-LIQ    ,6.66,7.19,,,,
Sundaram Money Fund - Regular Plan,3,DT-LIQ    ,6.56,7.09,7.67,8.03,,
Sundaram Monthly Income Plan - Aggressive Plan,3,HY-DA     ,11.89,10.77,11.63,,,
Sundaram Monthly Income Plan - Aggressive Plan - Direct Plan,3,HY-DA     ,12.93,11.55,,,,
Sundaram Regular Savings Fund,3,HY-DC     ,6.01,7.86,8.09,,,
Sundaram Regular Savings Fund - Direct Plan,3,HY-DC     ,6.44,8.29,,,,
Sundaram S.M.I.L.E. Fund - Direct Plan,2,EQ-SC     ,51.84,28.49,,,,
Sundaram S.M.I.L.E. Fund - Regular Plan,1,EQ-SC     ,50.72,27.86,32.87,22.99,,
Sundaram Select Debt Short Term Asset Plan,2,DT-ST     ,5.18,6.96,7.75,8.31,7.78,
Sundaram Select Debt Short Term Asset Plan - Direct Plan,4,DT-ST     ,6.28,8.06,,,,
Sundaram Select Focus Fund - Direct Plan,3,EQ-LC     ,29.16,17.1,,,,
Sundaram Select Focus Fund - Regular Plan,3,EQ-LC     ,27.74,16.43,15.16,11.54,14.54,
Sundaram Select Midcap Fund - Direct Plan,4,EQ-MC     ,36.25,25.36,,,,
Sundaram Select Midcap Fund - Regular Plan,3,EQ-MC     ,35.24,24.72,28.89,23.18,24.89,
Sundaram Ultra Short Term Fund - Direct Plan,4,DT-UST    ,6.93,7.81,,,,
Sundaram Ultra Short Term Fund - Regular Plan,2,DT-UST    ,6.21,7.13,7.73,8.24,,
Tata Balanced Fund - Direct Plan,3,HY-EQ     ,15.71,11.89,,,,
Tata Balanced Fund - Regular Plan,3,HY-EQ     ,14.14,10.87,15.57,15.74,17.09,17.99
Tata Corporate Bond Fund - Direct Plan,4,DT-UST    ,6.39,7.75,,,,
Tata Corporate Bond Fund - Regular Plan,2,DT-UST    ,5.72,7.01,7.61,7.98,,
Tata Dividend Yield Fund - Direct Plan,3,EQ-MLC    ,20.35,15.88,,,,
Tata Dividend Yield Fund - Regular Plan,3,EQ-MLC    ,19.59,15.14,17.19,16.2,,
Tata Dynamic Bond Fund - Direct Plan,4,DT-DB     ,3.9,8.07,,,,
Tata Dynamic Bond Fund - Regular Plan,2,DT-DB     ,2.84,6.94,8.36,8.26,,
Tata Equity Opportunities Fund - Direct Plan,3,EQ-MLC    ,28.37,18.01,,,,
Tata Equity Opportunities Fund - Regular Plan,3,EQ-MLC    ,26.56,16.32,18.5,15.83,17.84,
Tata Equity PE Fund - Direct Plan,4,EQ-MLC    ,30.63,25.72,,,,
Tata Equity PE Fund - Regular Plan,3,EQ-MLC    ,29.42,24.77,26.16,19.88,,
Tata Ethical Fund - Direct Plan,3,EQ-MLC    ,35.61,15.73,,,,
Tata Ethical Fund - Regular Plan,3,EQ-MLC    ,34.2,14.76,16.9,16.24,17.8,
Tata Gilt Mid Term Fund - Direct Plan,4,GL-MLT    ,3.29,7.74,,,,
Tata Gilt Mid Term Fund - Regular Plan,2,GL-MLT    ,2.13,6.58,8.42,,,
Tata Gilt Securities Fund - Direct Plan,4,GL-MLT    ,1.72,7.56,,,,
Tata Gilt Securities Fund - Regular Plan,3,GL-MLT    ,0.54,6.5,8.3,8.04,7.17,
Tata Index Nifty Fund - Direct Plan,2,EQ-LC     ,22.45,14.34,,,,
Tata Index Nifty Fund - Regular Plan,1,EQ-LC     ,22.01,13.77,13,11.31,,
Tata Index Sensex Fund - Direct Plan,2,EQ-LC     ,23.02,13.81,,,,
Tata Index Sensex Fund - Regular Plan,1,EQ-LC     ,22.58,13.26,12.33,10.9,,
Tata India Tax Savings Fund,5,EQ-TS     ,38.43,23.44,23.96,18.84,18.38,
Tata India Tax Savings Fund - Direct Plan,5,EQ-TS     ,40.21,24.82,,,,
Tata Infrastructure Fund - Direct Plan,3,EQ-INFRA  ,37.21,21.89,,,,
Tata Infrastructure Fund - Regular Plan,3,EQ-INFRA  ,36.72,21.34,21.53,12.95,,
Tata Large Cap Fund - Direct Plan,4,EQ-LC     ,25.36,16.43,,,,
Tata Large Cap Fund - Regular Plan,3,EQ-LC     ,23.39,14.61,15.28,13.84,17.04,
Tata Liquid Fund - Direct Plan,3,DT-LIQ    ,6.64,7.16,,,,
Tata Liquid Fund - Regular Plan,3,DT-LIQ    ,6.58,7.09,7.66,8.01,,
Tata Long Term Debt Fund - Direct Plan,3,DT-INC    ,4.34,7.92,,,,
Tata Long Term Debt Fund - Regular Plan,2,DT-INC    ,3.15,6.87,8,7.83,7.2,
Tata Medium Term Fund - Direct Plan,3,DT-INC    ,4.6,8.07,,,,
Tata Medium Term Fund - Regular Plan,2,DT-INC    ,3.7,6.97,7.88,7.86,7.19,
Tata Midcap Growth Fund - Direct Plan,3,EQ-MC     ,44.89,24.05,,,,
Tata Midcap Growth Fund - Regular Plan,3,EQ-MC     ,43.71,23.18,27.59,21.55,,
Tata Money Market Fund - Direct Plan,4,DT-LIQ    ,6.66,7.2,,,,
Tata Money Market Fund - Regular Plan,3,DT-LIQ    ,6.6,7.14,7.71,8.07,,
Tata Retirement Savings Fund - Conservative Plan - Direct Plan,5,HY-DA     ,14.33,13.47,,,,
Tata Retirement Savings Fund - Conservative Plan - Regular Plan,4,HY-DA     ,12.47,11.79,12.22,,,
Tata Retirement Savings Fund - Moderate Plan - Direct Plan,5,HY-EQ     ,32.1,22.28,,,,
Tata Retirement Savings Fund - Moderate Plan - Regular Plan,5,HY-EQ     ,30.75,20.87,22.54,,,
Tata Retirement Savings Fund - Progressive Plan - Direct Plan,5,EQ-MLC    ,40.61,26.36,,,,
Tata Retirement Savings Fund - Progressive Plan - Regular Plan,4,EQ-MLC    ,38.9,24.68,23.58,,,
Tata Short Term Bond Fund - Direct Plan,4,DT-ST     ,5.64,7.91,,,,
Tata Short Term Bond Fund - Regular Plan,2,DT-ST     ,4.77,7.02,7.92,8.25,8.14,
Tata Ultra Short Term Fund - Direct Plan,4,DT-UST    ,6.65,7.76,,,,
Tata Ultra Short Term Fund - Regular Plan,3,DT-UST    ,6.44,7.54,8.08,8.34,,
Tata Young Citizens Fund - Direct Plan,4,HY-DA     ,21.22,14.64,,,,
Tata Young Citizens Fund - Regular Plan,3,HY-DA     ,19.88,13.33,13.88,12.45,12.43,
Taurus Banking & Financial Services Fund - Direct Plan,2,EQ-BANK   ,24.79,18.22,,,,
Taurus Banking & Financial Services Fund - Regular Plan,2,EQ-BANK   ,23.44,16.8,15.75,,,
Taurus Bonanza Fund - Direct Plan,3,EQ-LC     ,19.74,12.73,,,,
Taurus Bonanza Fund - Regular Plan,2,EQ-LC     ,18.85,11.58,13.25,10.71,12.22,
Taurus Discovery Fund - Direct Plan,2,EQ-MC     ,37.27,23.7,,,,
Taurus Discovery Fund - Regular Plan,2,EQ-MC     ,36.8,23.13,25.24,18.54,15.65,
Taurus Ethical Fund - Direct Plan,2,EQ-MLC    ,31.2,13.97,,,,
Taurus Ethical Fund - Regular Plan,2,EQ-MLC    ,30.18,13.05,15.64,,,
Taurus Infrastructure Fund - Direct Plan,3,EQ-INFRA  ,38.7,23.84,,,,
Taurus Infrastructure Fund - Regular Plan,3,EQ-INFRA  ,37.84,22.82,21.81,14.08,,
Taurus Liquid Fund - Direct Plan,1,DT-LIQ    ,5.81,4.36,,,,
Taurus Liquid Fund - Regular Plan,1,DT-LIQ    ,5.71,4.27,5.74,,,
Taurus Short Term Income Fund - Direct Plan,1,DT-UST    ,5.84,2.98,,,,
Taurus Short Term Income Fund - Regular Plan,1,DT-UST    ,5.65,2.72,4.77,6.57,6.28,
Taurus Starshare Fund - Direct Plan,3,EQ-LC     ,23.28,15.31,,,,
Taurus Starshare Fund - Regular Plan,3,EQ-LC     ,23.1,14.53,15.13,13.25,16.4,17.63
Taurus Tax Shield Fund - Direct Plan,2,EQ-TS     ,30.46,19.93,,,,
Taurus Tax Shield Fund - Regular Plan,1,EQ-TS     ,29.81,18.94,17.8,14.37,15.69,15.8
Taurus Ultra Short Term Bond Fund - Direct Plan,1,DT-UST    ,6.07,3.11,,,,
Taurus Ultra Short Term Bond Fund - Regular Plan,1,DT-UST    ,5.38,2.52,4.63,,,
Union Dynamic Bond Fund,1,DT-DB     ,1.41,5.23,6.55,,,
Union Dynamic Bond Fund - Direct Plan,2,DT-DB     ,1.89,6.02,,,,
Union Equity Fund,1,EQ-LC     ,21.85,12.17,12.41,,,
Union Equity Fund - Direct Plan,1,EQ-LC     ,22.58,13.05,,,,
Union Liquid Fund,2,DT-LIQ    ,6.41,6.93,7.54,,,
Union Liquid Fund - Direct Plan,2,DT-LIQ    ,6.55,7.07,,,,
Union Small and Midcap Fund - Direct Plan,1,EQ-SC     ,41.74,20.66,,,,
Union Small and Midcap Fund - Regular Plan,1,EQ-SC     ,40.49,19.51,,,,
Union Tax Saver Fund,1,EQ-TS     ,23.34,11.59,13.05,,,
Union Tax Saver Fund - Direct Plan,1,EQ-TS     ,24.24,12.61,,,,
UTI Balanced Fund,3,HY-EQ     ,21.02,15.83,15.93,13.62,13.48,
UTI Balanced Fund - Direct Plan,3,HY-EQ     ,21.95,16.54,,,,
UTI Banking & PSU Debt Fund - Direct Plan,4,DT-ST     ,6.07,8.58,,,,
UTI Banking & PSU Debt Fund - Regular Plan,4,DT-ST     ,6.0,8.49,,,,
UTI Banking Sector Fund - Direct Plan,3,EQ-BANK   ,30.22,23.97,,,,
UTI Banking Sector Fund - Regular Plan,3,EQ-BANK   ,28.71,22.65,21.32,17.29,,
UTI Bluechip Flexicap Fund,2,EQ-MLC    ,31.79,16.92,16.23,13.35,,
UTI Bluechip Flexicap Fund - Direct Plan,2,EQ-MLC    ,32.43,17.33,,,,
UTI Bond Fund,3,DT-INC    ,2.37,7.55,8.58,8.71,8.17,
UTI Bond Fund - Direct Plan,4,DT-INC    ,3.18,8.44,,,,
UTI CCP Advantage Fund,3,HY-EQ     ,30.39,19.51,18.98,14.86,,
UTI CCP Advantage Fund - Direct Plan,3,HY-EQ     ,31.48,20.34,,,,
UTI CCP Balanced Fund,4,HY-DA     ,12.55,11.79,13.59,12.46,11.77,
UTI CCP Balanced Fund - Direct Plan,5,HY-DA     ,12.76,11.97,,,,
UTI CRTS 81 Fund,3,HY-DA     ,10.04,10.07,11,10.88,9.11,
UTI CRTS 81 Fund - Direct Plan,4,HY-DA     ,10.78,10.68,,,,
UTI Dividend Yield Fund,1,EQ-MLC    ,22.91,15.4,14.99,13.39,,
UTI Dividend Yield Fund - Direct Plan,1,EQ-MLC    ,23.69,16.11,,,,
UTI Dynamic Bond Fund,4,DT-DB     ,2.82,8.31,9.37,,,
UTI Dynamic Bond Fund - Direct Plan,5,DT-DB     ,3.6,9.11,,,,
UTI Equity Fund,3,EQ-LC     ,23.45,13.63,15.9,15.45,16.85,17.09
UTI Equity Fund - Direct Plan,3,EQ-LC     ,24.03,14.15,,,,
UTI Floating Rate Short Term Fund - Direct,4,DT-UST    ,6.92,8.19,,,,
UTI Floating Rate Short Term Fund - Regular Plan,3,DT-UST    ,6.21,7.55,8.07,8.2,,
UTI Gilt Advantage Long Term Plan,5,GL-MLT    ,1.47,8.3,9.74,9.28,8.55,
UTI Gilt Advantage Long Term Plan - Direct Plan,5,GL-MLT    ,1.71,8.59,,,,
UTI G-Sec Fund - Short Term Plan,2,GL-ST     ,4.89,6.77,7.4,7.38,,
UTI G-Sec Fund - Short Term Plan - Direct Plan,2,GL-ST     ,5.06,6.95,,,,
UTI Income Opportunities Fund,3,DT-CO     ,6.06,8.21,8.86,,,
UTI Income Opportunities Fund - Direct Plan,4,DT-CO     ,7.3,9.47,,,,
UTI Infrastructure Fund,2,EQ-INFRA  ,32.37,19.55,19.2,11.35,,
UTI Infrastructure Fund - Direct Plan,2,EQ-INFRA  ,33.04,20.06,,,,
UTI Liquid Cash Fund - Institutional Plan,3,DT-LIQ    ,6.6,7.13,7.68,8.01,,
UTI Liquid Cash Fund Institutional - Direct Plan,3,DT-LIQ    ,6.65,7.17,,,,
UTI Long Term Equity Fund,2,EQ-TS     ,28.73,17.35,17.62,14.2,14.26,
UTI Long Term Equity Fund - Direct Plan,2,EQ-TS     ,29.87,18.43,,,,
UTI Mastershare Fund,3,EQ-LC     ,24.22,14.25,15.61,13.7,14.86,15.04
UTI Mastershare Fund - Direct Plan,3,EQ-LC     ,25.17,15.04,,,,
UTI Medium Term Fund - Direct Plan,5,DT-INC    ,7.07,,,,,
UTI Medium Term Fund - Regular Plan,4,DT-INC    ,6.31,,,,,
UTI Mid Cap Fund,3,EQ-MC     ,37.72,21.03,27.63,23.09,,
UTI Mid Cap Fund - Direct Plan,3,EQ-MC     ,39.0,22.1,,,,
UTI MIS Advantage Fund,4,HY-DA     ,10.57,10,11.17,10.48,,
UTI MIS Advantage Fund - Direct Plan,4,HY-DA     ,11.33,10.79,,,,
UTI Money Market Mutual Fund - Institutional Plan,3,DT-LIQ    ,6.6,7.14,7.71,,,
UTI Money Market Mutual Fund Institutional - Direct Plan,4,DT-LIQ    ,6.72,7.25,,,,
UTI Monthly Income Scheme,3,HY-DC     ,7.28,8.57,9.32,9.1,8.86,
UTI Monthly Income Scheme - Direct Plan,3,HY-DC     ,7.8,9.12,,,,
UTI Multi Cap Fund - Direct Plan,2,EQ-MLC    ,30.02,16.82,,,,
UTI Multi Cap Fund - Regular Plan,2,EQ-MLC    ,29.44,16.3,,,,
UTI Nifty Index Fund,2,EQ-LC     ,22.88,14.54,13.82,11.82,13.34,
UTI Nifty Index Fund - Direct Plan,2,EQ-LC     ,22.98,14.64,,,,
UTI Opportunities Fund,1,EQ-LC     ,24.13,13.15,13.69,14.21,,
UTI Opportunities Fund - Direct Plan,2,EQ-LC     ,25.06,13.95,,,,
UTI Retirement Benefit Pension Fund,3,HY-DA     ,14.78,12.74,12.83,11.13,10.91,
UTI Retirement Benefit Pension Fund - Direct Plan,3,HY-DA     ,15.48,13.44,,,,
UTI Short Term Income Fund - Institutional Plan,3,DT-ST     ,5.33,7.72,8.42,,,
UTI Short Term Income Fund Institutional - Direct Plan,4,DT-ST     ,5.85,8.25,,,,
UTI Smart Woman Savings Plan,3,HY-DA     ,9.88,9.47,10.57,9.62,10.99,
UTI Smart Woman Savings Plan - Direct Plan,3,HY-DA     ,10.5,9.96,,,,
UTI SPrEAD Fund,2,HY-AR     ,5.96,6.16,6.69,7.15,,
UTI SPrEAD Fund - Direct Plan,4,HY-AR     ,6.49,6.69,,,,
UTI Top 100 Fund,3,EQ-LC     ,27.24,16.48,17.13,14.18,14.76,15.84
UTI Top 100 Fund - Direct Plan,3,EQ-LC     ,27.97,17.07,,,,
UTI Treasury Advantage Fund - Institutional Plan,4,DT-UST    ,6.63,7.82,8.32,8.51,,
UTI Treasury Advantage Fund Institutional - Direct Plan,4,DT-UST    ,6.8,7.99,,,,
UTI Unit Linked Insurance Plan,2,HY-DA     ,14.5,11.25,11.74,11.11,11.4,
UTI Unit Linked Insurance Plan - Direct Plan,3,HY-DA     ,15.17,11.9,,,,
IDBI Corporate Debt Opportunities Fund - Direct Plan,2,DT-CO     ,6.1,7.91,,,,
IDBI Corporate Debt Opportunities Fund - Regular Plan,1,DT-CO     ,4.86,6.79,,,,
IDBI Diversified Equity Fund - Direct Plan,3,EQ-MC     ,31.03,16.36,,,,
IDBI Diversified Equity Fund - Regular Plan,2,EQ-MC     ,28.53,14.73,,,,
IDBI Dynamic Bond Fund,1,DT-DB     ,-1.05,4.08,5.42,,,
IDBI Dynamic Bond Fund - Direct Plan,2,DT-DB     ,0.41,5.27,,,,
IDBI Equity Advantage Fund - Direct Plan,4,EQ-TS     ,32.58,17.61,,,,
IDBI Equity Advantage Fund - Regular Plan,3,EQ-TS     ,30.29,16.1,,,,
IDBI Gilt Fund,1,GL-MLT    ,-3.34,3.89,,,,
IDBI Gilt Fund - Direct Plan,1,GL-MLT    ,-2.14,4.92,,,,
IDBI India Top 100 Equity Fund,4,EQ-LC     ,17.6,12.79,15.37,,,
IDBI India Top 100 Equity Fund - Direct Plan,4,EQ-LC     ,19.65,14.25,,,,
IDBI Liquid Fund,2,DT-LIQ    ,6.59,7.06,7.62,,,
IDBI Liquid Fund - Direct Plan,3,DT-LIQ    ,6.71,7.18,,,,
IDBI Monthly Income Plan,1,HY-DC     ,1.39,4.24,5.93,,,
IDBI Monthly Income Plan - Direct Plan,1,HY-DC     ,2.71,5.27,,,,
IDBI Nifty Index Fund,1,EQ-LC     ,20.43,12.69,12.25,,,
IDBI Nifty Index Fund - Direct Plan,2,EQ-LC     ,21.99,14.03,,,,
IDBI Nifty Junior Index Fund,4,EQ-MLC    ,33.31,23.05,22.52,,,
IDBI Nifty Junior Index Fund - Direct Plan,4,EQ-MLC    ,35.06,24.59,,,,
IDBI Short Term Bond Fund,1,DT-ST     ,5.39,6.7,7.38,,,
IDBI Short Term Bond Fund - Direct Plan,4,DT-ST     ,6.63,7.82,,,,
IDBI Ultra Short Term Fund,1,DT-UST    ,5.71,6.7,7.31,,,
IDBI Ultra Short Term Fund - Direct Plan,3,DT-UST    ,6.75,7.64,,,,
IDFC All Seasons Bond Fund - Direct Plan,3,DT-ST     ,5.15,7.6,,,,
IDFC All Seasons Bond Fund - Regular Plan,3,DT-ST     ,4.69,7.12,7.94,7.94,,
IDFC Arbitrage Fund - Direct Plan,4,HY-AR     ,6.22,6.59,,,,
IDFC Arbitrage Fund - Regular Plan,3,HY-AR     ,5.58,5.98,6.67,7.23,,
IDFC Arbitrage Plus Fund - Direct Plan,3,HY-AR     ,5.75,6.58,,,,
IDFC Arbitrage Plus Fund - Regular Plan,1,HY-AR     ,4.91,5.8,6.43,,,
IDFC Asset Allocation Fund - Aggressive Plan - Direct Plan,3,HY-DA     ,17.39,13.2,,,,
IDFC Asset Allocation Fund - Aggressive Plan - Regular Plan,2,HY-DA     ,16.76,12.6,13.06,,,
IDFC Asset Allocation Fund - Conservative Plan - Direct Plan,4,HY-DC     ,9.45,9.77,,,,
IDFC Asset Allocation Fund - Conservative Plan - Regular Plan,4,HY-DC     ,8.8,9.18,9.98,,,
IDFC Asset Allocation Fund - Moderate Plan - Direct Plan,4,HY-DA     ,12.31,11.09,,,,
IDFC Asset Allocation Fund - Moderate Plan - Regular Plan,3,HY-DA     ,11.7,10.52,11.28,,,
IDFC Banking & PSU Debt Fund - Direct Plan,2,DT-UST    ,5.06,6.74,,,,
IDFC Banking & PSU Debt Fund - Regular Plan,2,DT-UST    ,4.82,6.58,,,,
IDFC Cash Fund - Direct Plan,3,DT-LIQ    ,6.63,7.16,,,,
IDFC Cash Fund - Regular Plan,2,DT-LIQ    ,6.54,7.08,7.66,,,
IDFC Classic Equity Fund - Direct Plan,3,EQ-MLC    ,31.12,22.96,,,,
IDFC Classic Equity Fund - Regular Plan,3,EQ-MLC    ,28.96,20.94,18.97,14.19,,
IDFC Corporate Bond Fund - Direct Plan,3,DT-ST     ,5.51,,,,,
IDFC Corporate Bond Fund - Regular Plan,2,DT-ST     ,5.21,,,,,
IDFC Dynamic Bond Fund - Direct Plan,4,DT-DB     ,2.03,7.81,,,,
IDFC Dynamic Bond Fund - Regular Plan,3,DT-DB     ,1.25,6.9,8.25,,,
IDFC Dynamic Equity Fund - Direct Plan,2,HY-EQ     ,18.58,11.19,,,,
IDFC Dynamic Equity Fund - Regular Plan,2,HY-EQ     ,17.05,9.89,,,,
IDFC Equity Fund - Direct Plan,3,EQ-LC     ,29.84,18.48,,,,
IDFC Equity Fund - Regular Plan,3,EQ-LC     ,28.65,16.93,14.82,12.41,,
IDFC Focused Equity Fund - Direct Plan,4,EQ-MLC    ,49.96,27,,,,
IDFC Focused Equity Fund - Regular Plan,3,EQ-MLC    ,47.33,25.02,19.79,13.99,,
IDFC Government Securities Fund - Investment Plan - Direct Plan,4,GL-MLT    ,1.11,7.53,,,,
IDFC Government Securities Fund - Investment Plan - Regular Plan,3,GL-MLT    ,0.51,6.88,8.45,,,
IDFC Government Securities Fund - Provident Fund Plan - Direct Plan,5,GL-MLT    ,1.68,8.17,,,,
IDFC Government Securities Fund - Provident Fund Plan - Regular Plan,4,GL-MLT    ,1.19,7.69,9.2,9.51,,
IDFC Government Securities Fund - Short Term Plan - Direct Plan,4,GL-ST     ,5.82,8.11,,,,
IDFC Government Securities Fund - Short Term Plan - Regular Plan,3,GL-ST     ,5.72,7.97,9.05,8.16,6.86,
IDFC Infrastructure Fund - Direct Plan,4,EQ-INFRA  ,54.6,33.68,,,,
IDFC Infrastructure Fund - Regular Plan,3,EQ-INFRA  ,51.58,31.64,25.68,,,
IDFC Money Manager Fund - Investment Plan - Direct Plan,4,DT-ST     ,4.77,7.3,,,,
IDFC Money Manager Fund - Investment Plan - Regular Plan,3,DT-ST     ,4.53,7.08,7.81,8.11,,
IDFC Money Manager Fund - Treasury Plan - Direct Plan,3,DT-UST    ,6.14,7.57,,,,
IDFC Money Manager Fund - Treasury Plan - Regular Plan,2,DT-UST    ,5.55,6.95,7.54,7.71,,
IDFC Monthly Income Plan - Direct Plan,4,HY-DC     ,8.62,9.9,,,,
IDFC Monthly Income Plan - Regular Plan,3,HY-DC     ,7.64,8.96,10.03,,,
IDFC Nifty Fund - Direct Plan,2,EQ-LC     ,22.68,14.48,,,,
IDFC Nifty Fund - Regular Plan,2,EQ-LC     ,22.55,14.37,13.79,,,
IDFC Premier Equity Fund - Direct Plan,2,EQ-MC     ,29.98,17.32,,,,
IDFC Premier Equity Fund - Regular Plan,2,EQ-MC     ,29,16.48,20.39,19.86,,
IDFC Sterling Equity Fund - Direct Plan,3,EQ-MC     ,51.65,29.65,,,,
IDFC Sterling Equity Fund - Regular Plan,3,EQ-MC     ,49.98,28.51,26.5,,,
IDFC Super Saver Income Fund - Investment Plan - Direct Plan,3,DT-INC    ,1.89,7.58,,,,
IDFC Super Saver Income Fund - Investment Plan - Regular Plan,3,DT-INC    ,0.95,6.63,8.01,8.29,7.99,
IDFC Super Saver Income Fund - Medium Term Plan - Direct Plan,3,DT-ST     ,4.8,7.72,,,,
IDFC Super Saver Income Fund - Medium Term Plan - Regular Plan,2,DT-ST     ,4.1,7.03,7.77,8.27,,
IDFC Super Saver Income Fund - Short Term Plan - Direct Plan,3,DT-ST     ,5.6,7.61,,,,
IDFC Super Saver Income Fund - Short Term Plan - Regular Plan,2,DT-ST     ,5.07,7.04,7.79,8.05,7.89,
IDFC Tax Advantage (ELSS) Fund - Direct Plan,5,EQ-TS     ,46.35,25.81,,,,
IDFC Tax Advantage (ELSS) Fund - Regular Plan,4,EQ-TS     ,44.68,24.48,23.95,,,
IDFC Ultra Short Term Fund - Direct Plan,4,DT-UST    ,6.65,7.88,,,,
IDFC Ultra Short Term Fund - Regular Plan,3,DT-UST    ,6.49,7.71,8.26,8.45,,
IIFL Dynamic Bond Fund - Direct Plan,3,DT-DB     ,7.34,7.79,,,,
IIFL Dynamic Bond Fund - Regular Plan,3,DT-DB     ,6.77,7.24,,,,
IIFL India Growth Fund - Direct Plan,3,EQ-MLC    ,25.63,19.34,,,,
IIFL India Growth Fund - Regular Plan,3,EQ-MLC    ,23.85,18.05,,,,
IIFL Liquid Fund - Direct Plan,2,DT-LIQ    ,6.19,6.71,,,,
IIFL Liquid Fund - Regular Plan,2,DT-LIQ    ,6.14,6.66,,,,
Indiabulls Bluechip Fund,2,EQ-LC     ,24.89,17.1,15.98,,,
Indiabulls Bluechip Fund - Direct Plan,3,EQ-LC     ,27.07,19.16,,,,
Indiabulls Gilt Fund,3,GL-MLT    ,0.42,7.18,,,,
Indiabulls Gilt Fund - Direct Plan,4,GL-MLT    ,1.3,8.07,,,,
Indiabulls Income Fund - Direct Plan,3,DT-INC    ,4.83,7.06,,,,
Indiabulls Income Fund - Regular Plan,2,DT-INC    ,4.28,6.3,,,,
Indiabulls Liquid Fund,5,DT-LIQ    ,6.64,7.25,7.8,,,
Indiabulls Liquid Fund - Direct Plan,5,DT-LIQ    ,6.75,7.36,,,,
Indiabulls Short Term Fund - Direct Plan,4,DT-ST     ,6.21,8.47,,,,
Indiabulls Short Term Fund - Regular Plan,3,DT-ST     ,5.14,7.28,,,,
Indiabulls Ultra Short Term Fund,4,DT-UST    ,6.59,7.75,8.23,,,
Indiabulls Ultra Short Term Fund - Direct Plan,5,DT-UST    ,7.06,8.3,,,,
Invesco India Active Income Fund,1,DT-INC    ,0.51,6.15,7.09,7.37,,
Invesco India Active Income Fund - Direct Plan,2,DT-INC    ,1.2,6.97,,,,
Invesco India Arbitrage Fund,2,HY-AR     ,5.77,6.07,6.67,7.1,,
Invesco India Arbitrage Fund - Direct Plan,4,HY-AR     ,6.4,6.68,,,,
Invesco India Bank Debt Fund,1,DT-ST     ,4.62,6,,,,
Invesco India Bank Debt Fund - Direct Plan,1,DT-ST     ,5.04,6.52,,,,
Invesco India Banking Fund,4,EQ-BANK   ,31.52,23.93,23.01,,,
Invesco India Banking Fund - Direct Plan,4,EQ-BANK   ,33.9,26.07,,,,
Invesco India Business Leaders Fund,4,EQ-LC     ,22.72,14.36,16.08,,,
Invesco India Business Leaders Fund - Direct Plan,4,EQ-LC     ,24.9,16.32,,,,
Invesco India Contra Fund,4,EQ-MLC    ,42.52,23.92,25.31,19.78,,
Invesco India Contra Fund - Direct Plan,5,EQ-MLC    ,44.95,25.91,,,,
Invesco India Corporate Bond Opportunities Fund - Direct Plan,3,DT-CO     ,6.97,9.3,,,,
Invesco India Corporate Bond Opportunities Fund - Regular Plan,2,DT-CO     ,6.17,8.48,,,,
Invesco India Credit Opportunities Fund,3,DT-UST    ,6.63,7.23,7.89,,,
Invesco India Credit Opportunities Fund - Direct Plan,4,DT-UST    ,6.9,7.5,,,,
Invesco India Dynamic Equity Fund,4,EQ-LC     ,23.85,15.83,16.12,14.63,,
Invesco India Dynamic Equity Fund - Direct Plan,5,EQ-LC     ,25.76,17.71,,,,
Invesco India Gilt Fund,2,GL-MLT    ,-1.47,6.55,7.91,,,
Invesco India Gilt Fund - Direct Plan,3,GL-MLT    ,-0.72,7.37,,,,
Invesco India Growth Fund,5,EQ-LC     ,34.52,19.69,20.09,16.54,,
Invesco India Growth Fund - Direct Plan,5,EQ-LC     ,36.83,21.72,,,,
Invesco India Infrastructure Fund,3,EQ-INFRA  ,47.14,22.38,24.01,15.67,,
Invesco India Infrastructure Fund - Direct Plan,4,EQ-INFRA  ,49.7,24.43,,,,
Invesco India Liquid Fund,3,DT-LIQ    ,6.62,7.15,7.72,8.07,,
Invesco India Liquid Fund - Direct Plan,4,DT-LIQ    ,6.69,7.23,,,,
Invesco India Medium Term Bond Fund,4,DT-INC    ,6.55,7.85,8.26,,,
Invesco India Medium Term Bond Fund - Direct Plan,5,DT-INC    ,7.02,8.25,,,,
Invesco India Mid Cap Fund,3,EQ-MC     ,40.98,22.34,26.1,22.55,,
Invesco India Mid Cap Fund - Direct Plan,3,EQ-MC     ,43.47,24.45,,,,
Invesco India Mid N Small Cap Fund,3,EQ-MC     ,42.77,22.97,26.23,,,
Invesco India Mid N Small Cap Fund - Direct Plan,3,EQ-MC     ,45.22,24.99,,,,
Invesco India Short Term Fund,3,DT-INC    ,4.37,6.68,7.33,7.7,,
Invesco India Short Term Fund - Direct Plan,3,DT-INC    ,5.16,7.39,,,,
Invesco India Tax Plan,3,EQ-TS     ,32.55,18.69,21.11,18.56,,
Invesco India Tax Plan - Direct Plan,4,EQ-TS     ,34.7,20.62,,,,
Invesco India Ultra Short Term Fund,2,DT-UST    ,5.97,7.24,7.8,8.15,,
Invesco India Ultra Short Term Fund - Direct Plan,3,DT-UST    ,6.45,7.7,,,,
JM Arbitrage Advantage Fund,2,HY-AR     ,5.13,5.92,6.61,7.24,,
JM Arbitrage Advantage Fund - Direct Plan,4,HY-AR     ,5.54,6.42,,,,
JM Balanced Fund,1,HY-EQ     ,13.07,9.48,11.63,10.78,10.18,12.04
JM Balanced Fund - Direct Plan,2,HY-EQ     ,13.66,10.24,,,,
JM Core 11 Fund,4,EQ-LC     ,29.78,23.35,22.42,,,
JM Core 11 Fund - Direct Plan,5,EQ-LC     ,30.93,25.02,,,,
JM Equity Fund,2,EQ-LC     ,14.69,9.54,12.37,10,10.59,11.45
JM Equity Fund - Direct Plan,3,EQ-LC     ,15.5,10.91,,,,
JM Floater Long Term Fund,4,DT-UST    ,7.33,7.94,8.25,7.97,,
JM Floater Long Term Fund - Direct Plan,5,DT-UST    ,7.88,8.58,,,,
JM G-Sec Fund,3,GL-MLT    ,-0.33,7.17,8.23,8.49,8.36,
JM G-Sec Fund - Direct Plan,4,GL-MLT    ,0.43,8.01,,,,
JM High Liquidity Fund,4,DT-LIQ    ,6.64,7.21,7.78,8.08,7.73,
JM High Liquidity Fund - Direct Plan,5,DT-LIQ    ,6.72,7.29,,,,
JM Income Fund,1,DT-INC    ,2.93,4.94,6.1,6.17,5.12,5.7
JM Income Fund - Direct Plan,2,DT-INC    ,3.97,6.03,,,,
JM Money Manager Fund - Regular Plan,3,DT-UST    ,6,7.44,8,8.36,,
JM Money Manager Fund - Regular Plan Direct,4,DT-UST    ,6.53,7.99,,,,
JM Money Manager Fund - Super Plan,2,DT-UST    ,6.53,7.06,7.64,8.23,,
JM Money Manager Fund - Super Plan - Direct Plan,3,DT-UST    ,6.76,7.34,,,,
JM Money Manager Fund - Super Plus - Direct Plan,3,DT-UST    ,6.48,7.6,,,,
JM Money Manager Fund - Super Plus Plan,2,DT-UST    ,6.37,7.47,7.98,8.28,,
JM Multi Strategy Fund,5,EQ-LC     ,25.74,20.94,21.51,,,
JM Multi Strategy Fund - Direct Plan,5,EQ-LC     ,26.85,22.64,,,,
JM Short Term Fund,3,DT-DB     ,5.19,7.14,7.72,8.32,,
JM Short Term Fund - Direct Plan,3,DT-DB     ,5.46,7.43,,,,
JM Tax Gain Fund,3,EQ-TS     ,31.44,20.8,21.47,,,
JM Tax Gain Fund - Direct Plan,3,EQ-TS     ,32.59,22.68,,,,
Kotak 50 - Direct Plan,4,EQ-LC     ,24.45,16.11,,,,
Kotak 50 Regular Plan,3,EQ-LC     ,22.81,14.62,16.25,13.76,16.57,
Kotak Asset Allocator Fund - Direct Plan,5,HY-AA     ,8.19,10.97,,,,
Kotak Asset Allocator Fund Regular Plan,3,HY-AA     ,7.22,10.22,13.87,12.81,,
Kotak Balance - Direct Plan,3,HY-EQ     ,20.22,16.64,,,,
Kotak Balance Regular Plan,2,HY-EQ     ,18.44,14.88,14.69,12.74,14.24,
Kotak Banking and PSU Debt Fund - Direct Plan,1,DT-UST    ,5.77,8.08,,,,
Kotak Banking and PSU Debt Fund Regular Plan,1,DT-UST    ,5.4,7.71,8.33,7.98,7.3,
Kotak Bond - Plan A,1,DT-INC    ,-0.17,5.52,7.08,7.85,7.95,
Kotak Bond - Plan A - Direct Plan,1,DT-INC    ,0.76,6.44,,,,
Kotak Bond - Short Term Plan - Direct Plan,3,DT-ST     ,5.34,8.01,,,,
Kotak Bond - Short Term Regular Plan,2,DT-ST     ,4.45,7.06,7.8,8.07,8.01,
Kotak Classic Equity - Direct Plan,4,EQ-LC     ,32.77,20.41,,,,
Kotak Classic Equity Regular Plan,4,EQ-LC     ,30.52,18.47,17.42,14.77,,
Kotak Corporate Bond Fund - Standard Plan,4,DT-INC    ,6.25,7.81,8.55,8.38,,
Kotak Corporate Bond Fund - Standard Plan - Direct Plan,5,DT-INC    ,6.54,8.08,,,,
Kotak Emerging Equity Scheme - Direct Plan,4,EQ-MC     ,35.38,26.05,,,,
Kotak Emerging Equity Scheme Regular Plan,4,EQ-MC     ,33.58,24.31,29.39,21.88,,
Kotak Equity Arbitrage Fund - Direct Plan,5,HY-AR     ,6.51,6.78,,,,
Kotak Equity Arbitrage Fund Regular Plan,3,HY-AR     ,6.01,6.27,6.93,7.5,,
Kotak Equity Savings Fund - Direct Plan,3,HY-EQ     ,13.36,10.79,,,,
Kotak Equity Savings Fund - Regular Plan,3,HY-EQ     ,12.54,10.01,,,,
Kotak Flexi Debt - Plan A,1,DT-ST     ,4.86,8.43,8.97,,,
Kotak Flexi Debt - Plan A - Direct Plan,2,DT-ST     ,5.45,9.08,,,,
Kotak Floater Short Term - Direct Plan,4,DT-LIQ    ,6.67,7.23,,,,
Kotak Floater Short Term Regular Plan,3,DT-LIQ    ,6.62,7.17,7.75,8.06,,
Kotak Gilt Investment - Direct Plan,3,GL-MLT    ,0.25,7.39,,,,
Kotak Gilt Investment - Regular Plan,2,GL-MLT    ,-0.75,6.24,7.84,8.32,8.03,
Kotak Gilt Investment Provident Fund and Trust Plan,2,GL-MLT    ,-0.75,6.26,7.88,8.37,,
Kotak Gilt Investment Provident Fund and Trust Plan - Direct Plan,3,GL-MLT    ,0.25,7.45,,,,
Kotak Income Opportunities Fund - Direct Plan,3,DT-CO     ,6.67,9.37,,,,
Kotak Income Opportunities Fund Regular Plan,2,DT-CO     ,5.7,8.14,8.78,,,
Kotak Infrastructure and Economic Reform Fund - Standard Plan,4,EQ-INFRA  ,39.42,24.09,25.82,,,
Kotak Infrastructure and Economic Reform Fund - Standard Plan - Direct Plan,5,EQ-INFRA  ,41.86,26.17,,,,
Kotak Liquid - Plan A,3,DT-LIQ    ,6.58,7.11,7.68,8.05,,
Kotak Liquid - Plan A - Direct Plan,3,DT-LIQ    ,6.63,7.16,,,,
Kotak Low Duration Fund - Standard Plan,4,DT-UST    ,6.58,7.95,8.39,,,
Kotak Low Duration Fund - Standard Plan - Direct Plan,5,DT-UST    ,7.39,8.75,,,,
Kotak Medium Term Fund - Direct Plan,5,DT-INC    ,6.63,9.47,,,,
Kotak Medium Term Fund - Regular Plan,4,DT-INC    ,5.73,8.32,,,,
Kotak Mid-Cap - Direct Plan,3,EQ-MC     ,38.3,26.28,,,,
Kotak Mid-Cap Regular Plan,3,EQ-MC     ,36.35,24.42,27.44,21.23,,
Kotak Monthly Income Plan - Direct Plan,4,HY-DC     ,10.46,11.77,,,,
Kotak Monthly Income Plan Regular Plan,3,HY-DC     ,8.95,10.37,11.07,9.83,,
Kotak Nifty ETF Fund,2,EQ-LC     ,23.06,14.36,13.63,,,
Kotak Opportunities - Direct Plan,4,EQ-MLC    ,27.51,21.3,,,,
Kotak Opportunities Regular Plan,4,EQ-MLC    ,25.76,19.72,20.98,16.77,,
Kotak PSU Bank ETF,1,EQ-BANK   ,24.08,13.7,9.74,6.24,,
Kotak Select Focus Fund - Direct Plan,5,EQ-LC     ,26.37,21.06,,,,
Kotak Select Focus Fund Regular Plan,4,EQ-LC     ,24.92,19.71,22.04,,,
Kotak Sensex ETF Fund,2,EQ-LC     ,23.45,14.11,13.36,,,
Kotak Tax Saver - Direct Plan,3,EQ-TS     ,26.16,19.72,,,,
Kotak Tax Saver Regular Plan,3,EQ-TS     ,24.5,18.04,19.97,15.28,,
Kotak Treasury Advantage Fund - Direct Plan,4,DT-UST    ,6.69,7.73,,,,
Kotak Treasury Advantage Fund Regular Plan,3,DT-UST    ,6.32,7.35,7.94,8.24,,
L&T Arbitrage Opportunities Fund - Direct Plan,4,HY-AR     ,6.8,6.89,,,,
L&T Arbitrage Opportunities Fund - Regular Plan,3,HY-AR     ,6.17,6.25,,,,
L&T Business Cycles Fund - Direct Plan,3,EQ-MC     ,39.28,23.1,,,,
L&T Business Cycles Fund - Regular Plan,2,EQ-MC     ,38.38,22.35,,,,
L&T Cash Fund,1,DT-LIQ    ,5.37,5.93,6.59,7.29,,
L&T Cash Fund - Direct Plan,2,DT-LIQ    ,6.21,6.79,,,,
L&T Emerging Businesses Fund,4,EQ-SC     ,54.53,36.73,,,,
L&T Emerging Businesses Fund - Direct Plan,4,EQ-SC     ,55.8,37.72,,,,
L&T Equity Fund,3,EQ-MLC    ,25.6,16.49,18.12,15.88,,
L&T Equity Fund - Direct Plan,3,EQ-MLC    ,26.52,17.3,,,,
L&T Flexi Bond Fund,3,DT-DB     ,3,7.41,8.68,,,
L&T Flexi Bond Fund - Direct Plan,3,DT-DB     ,3.92,8.3,,,,
L&T Floating Rate Fund,5,DT-UST    ,7.17,8.14,8.34,8.35,,
L&T Floating Rate Fund - Direct Plan,5,DT-UST    ,7.71,8.67,,,,
L&T Gilt Fund - Investment Plan,3,GL-MLT    ,-0.26,6.57,8.84,9.01,7.81,
L&T Gilt Fund - Investment Plan - Direct Plan,4,GL-MLT    ,1.23,8.07,,,,
L&T Income Opportunities Fund,3,DT-CO     ,6.03,8.3,8.93,,,
L&T Income Opportunities Fund - Direct Plan,3,DT-CO     ,6.67,8.94,,,,
L&T India Large Cap Fund,3,EQ-LC     ,21.14,13.23,15.19,14.27,,
L&T India Large Cap Fund - Direct Plan,3,EQ-LC     ,22.08,14.05,,,,
L&T India Prudence Fund,5,HY-EQ     ,19.74,15.56,18.54,,,
L&T India Prudence Fund - Direct Plan,5,HY-EQ     ,21.05,16.79,,,,
L&T India Special Situations Fund,3,EQ-MLC    ,31.31,20.42,20.92,17.98,,
L&T India Special Situations Fund - Direct Plan,4,EQ-MLC    ,32.38,21.31,,,,
L&T India Value Fund,4,EQ-MC     ,30.26,23.78,27.68,,,
L&T India Value Fund - Direct Plan,5,EQ-MC     ,31.38,24.79,,,,
L&T Infrastructure Fund,5,EQ-INFRA  ,51.92,32.15,30.23,17.44,,
L&T Infrastructure Fund - Direct Plan,5,EQ-INFRA  ,53.32,33.25,,,,
L&T Liquid Fund,3,DT-LIQ    ,6.64,7.14,7.71,8.03,,
L&T Liquid Fund - Direct Plan,4,DT-LIQ    ,6.7,7.21,,,,
L&T Midcap Fund,4,EQ-MC     ,41.32,29.42,32.3,24.02,,
L&T Midcap Fund - Direct Plan,4,EQ-MC     ,42.59,30.49,,,,
L&T Monthly Income Plan,1,HY-DC     ,6.38,7.5,8.44,7.92,,
L&T Monthly Income Plan - Direct Plan,2,HY-DC     ,7.17,8.26,,,,
L&T Resurgent India Corporate Bond Fund - Direct Plan,4,DT-INC    ,6.04,,,,,
L&T Resurgent India Corporate Bond Fund - Regular Plan,3,DT-INC    ,5.09,,,,,
L&T Short Term Income Fund,4,DT-CO     ,7.11,8.78,9.04,,,
L&T Short Term Income Fund - Direct Plan,4,DT-CO     ,7.54,9.16,,,,
L&T Short Term Opportunities Fund,2,DT-ST     ,5.16,7.03,7.81,,,
L&T Short Term Opportunities Fund - Direct Plan,3,DT-ST     ,5.69,7.57,,,,
L&T Tax Advantage Fund,4,EQ-TS     ,32.87,22.52,21.92,17.88,,
L&T Tax Advantage Fund - Direct Plan,4,EQ-TS     ,33.96,23.4,,,,
L&T Triple Ace Bond Fund,1,DT-INC    ,2.67,5.49,6.6,6.86,5.74,5.98
L&T Triple Ace Bond Fund - Direct Plan,1,DT-INC    ,3.1,6.37,,,,
L&T Ultra Short Term Fund,3,DT-UST    ,6.42,7.46,8,8.3,,
L&T Ultra Short Term Fund - Direct Plan,4,DT-UST    ,6.79,7.84,,,,
LIC MF Balanced Fund,1,HY-EQ     ,18.82,10.83,11.05,9.65,10.17,
LIC MF Balanced Fund - Direct Plan,1,HY-EQ     ,20.31,11.93,,,,
LIC MF Bond Fund,2,DT-INC    ,1.96,6.01,7.15,7.56,7.46,
LIC MF Bond Fund - Direct Plan,2,DT-INC    ,2.47,6.52,,,,
LIC MF Children's Gift Fund,2,HY-EQ     ,9.24,9.11,11,8.51,5.02,
LIC MF Children's Gift Fund - Direct Plan,2,HY-EQ     ,10.15,10.2,,,,
LIC MF Equity Fund,1,EQ-MLC    ,26.22,12.49,12.8,10.82,11.1,
LIC MF Equity Fund - Direct Plan,1,EQ-MLC    ,27.55,13.38,,,,
LIC MF Government Securities Fund,2,GL-MLT    ,-0.39,5.6,7.17,6.72,6.18,
LIC MF Government Securities Fund - Direct Plan,3,GL-MLT    ,0.5,6.64,,,,
LIC MF Growth Fund,3,EQ-LC     ,19.48,12.1,13.9,12.2,12.46,12.69
LIC MF Growth Fund - Direct Plan,3,EQ-LC     ,20.99,13.27,,,,
LIC MF G-Sec Long Term Exchange Traded Fund,2,GL-MLT    ,0.42,,,,,
LIC MF Income Plus Fund,2,DT-UST    ,5.74,6.75,6.94,7.26,,
LIC MF Income Plus Fund - Direct Plan,3,DT-UST    ,6.47,7.48,,,,
LIC MF Index-Nifty Plan,1,EQ-LC     ,21.68,13.36,12.76,11.08,11.11,
LIC MF Index-Nifty Plan - Direct Plan,2,EQ-LC     ,22.33,13.92,,,,
LIC MF Index-Sensex Plan,1,EQ-LC     ,21.87,12.51,11.76,10.6,11.25,
LIC MF Index-Sensex Plan - Direct Plan,1,EQ-LC     ,22.53,13.1,,,,
LIC MF Infrastructure Fund,1,EQ-INFRA  ,36.5,17.7,16.52,,,
LIC MF Infrastructure Fund - Direct Plan,2,EQ-INFRA  ,38.24,19.06,,,,
LIC MF Liquid Fund,2,DT-LIQ    ,6.55,7.08,7.66,7.95,7.76,
LIC MF Liquid Fund - Direct Plan,4,DT-LIQ    ,6.7,7.23,,,,
LIC MF Monthly Income Plan,2,HY-DC     ,6.76,7.21,7.68,7.28,7.57,
LIC MF Monthly Income Plan - Direct Plan,2,HY-DC     ,7.68,8.15,,,,
LIC MF Savings Plus Fund,3,DT-UST    ,6.31,7.22,7.62,7.7,,
LIC MF Savings Plus Fund - Direct Plan,4,DT-UST    ,7.01,8.05,,,,
LIC MF Tax Plan,2,EQ-TS     ,31.93,17.19,18.09,13.96,12.49,
LIC MF Tax Plan - Direct Plan,2,EQ-TS     ,33.64,18.32,,,,
LIC MF Unit Linked Insurance,1,HY-EQ     ,22.94,12.32,12.31,9.87,9.73,
LIC MF Unit Linked Insurance - Direct Plan,2,HY-EQ     ,24.54,13.48,,,,
Mirae Asset Cash Management Fund,2,DT-LIQ    ,6.61,6.89,7.34,,,
Mirae Asset Cash Management Fund - Direct Plan,2,DT-LIQ    ,6.7,7.05,,,,
Mirae Asset Emerging Bluechip Fund - Direct Plan,5,EQ-MC     ,39.47,30.11,,,,
Mirae Asset Emerging Bluechip Fund - Regular Plan,5,EQ-MC     ,38.38,29.1,33.36,,,
Mirae Asset India Opportunities Fund - Direct Plan,5,EQ-LC     ,31.9,22.19,,,,
Mirae Asset India Opportunities Fund - Regular Plan,5,EQ-LC     ,30.97,21.31,22.41,,,
Mirae Asset Savings Fund - Direct Plan,2,DT-UST    ,6.13,7.07,,,,
Mirae Asset Savings Fund - Regular Savings Plan,1,DT-UST    ,5.34,6.24,6.7,,,
Motilal Oswal MOSt Focused 25 Fund - Direct Plan,5,EQ-LC     ,24.83,18.09,,,,
Motilal Oswal MOSt Focused 25 Fund - Regular Plan,5,EQ-LC     ,23.07,16.52,,,,
Motilal Oswal MOSt Focused Midcap 30 Fund - Direct Plan,4,EQ-MC     ,27.96,18.87,,,,
Motilal Oswal MOSt Focused Midcap 30 Fund - Regular Plan,3,EQ-MC     ,26.23,17.37,,,,
Motilal Oswal MOSt Focused Multicap 35 Fund - Direct Plan,5,EQ-MLC    ,32.7,25.27,,,,
Motilal Oswal MOSt Focused Multicap 35 Fund - Regular Plan,5,EQ-MLC    ,31.44,24.18,,,,
Motilal Oswal MOSt Shares M100 ETF Fund,2,EQ-MC     ,37.31,24.28,24.66,,,
Motilal Oswal MOSt Shares M50 ETF Fund,1,EQ-LC     ,21.2,13.43,12.83,,,
Motilal Oswal MOSt Ultra Short Term Bond Fund - Direct Plan,1,DT-UST    ,5.94,6.41,,,,
Motilal Oswal MOSt Ultra Short Term Bond Fund - Regular Plan,1,DT-UST    ,5.45,5.92,,,,
Parag Parikh Long Term Value Fund - Direct Plan,4,EQ-MLC    ,28.57,18.31,,,,
Parag Parikh Long Term Value Fund - Regular Plan,4,EQ-MLC    ,27.84,17.66,,,,
Principal Balanced Fund,4,HY-EQ     ,31.51,21.76,20.03,15.54,14.91,
Principal Balanced Fund - Direct Plan,4,HY-EQ     ,33.47,23.1,,,,
Principal Cash Management Fund,4,DT-LIQ    ,6.67,7.19,7.75,8.05,,
Principal Cash Management Fund - Direct Plan,5,DT-LIQ    ,6.74,7.27,,,,
Principal Credit Opportunities Fund,4,DT-CO     ,6.83,7.89,8.32,8.2,,
Principal Credit Opportunities Fund - Direct Plan,5,DT-CO     ,7.03,8.12,,,,
Principal Debt Savings Fund,2,DT-INC    ,1.42,5.99,6.94,7.14,,
Principal Debt Savings Fund - Direct Plan,3,DT-INC    ,2.67,7.01,,,,
Principal Dividend Yield Fund,2,EQ-MLC    ,42.82,24.84,21.26,15.96,,
Principal Dividend Yield Fund - Direct Plan,2,EQ-MLC    ,43.08,25.21,,,,
Principal Dynamic Bond Fund,3,DT-DB     ,2.56,6.93,8.04,8.24,,
Principal Dynamic Bond Fund - Direct Plan,4,DT-DB     ,3.36,7.74,,,,
Principal Emerging Bluechip Fund,4,EQ-MC     ,40.24,27.25,30.16,,,
Principal Emerging Bluechip Fund - Direct Plan,5,EQ-MC     ,41.85,28.53,,,,
Principal Growth Fund,4,EQ-MLC    ,41.02,25.8,24.36,18.09,16.32,
Principal Growth Fund - Direct Plan,4,EQ-MLC    ,42.1,26.67,,,,
Principal Index Fund - Nifty,2,EQ-LC     ,21.96,13.83,13.19,11.46,12.5,
Principal Index Fund - Nifty - Direct Plan,2,EQ-LC     ,22.58,14.38,,,,
Principal Large Cap Fund,3,EQ-LC     ,25.2,16.27,16.83,14.82,,
Principal Large Cap Fund - Direct Plan,3,EQ-LC     ,26.01,17.02,,,,
Principal Low Duration Fund,3,DT-UST    ,6.82,7.77,8.06,8.23,,
Principal Low Duration Fund - Direct Plan,4,DT-UST    ,7.25,8.31,,,,
Principal Money Manager Fund,3,DT-UST    ,5.88,7.06,7.82,,,
Principal Money Manager Fund - Direct Plan,4,DT-UST    ,6.77,7.54,,,,
Principal Personal Tax Saver Fund,1,EQ-TS     ,28.89,17.11,17.32,13.9,14.94,
Principal Personal Tax Saver Fund - Direct Plan,2,EQ-TS     ,29.64,17.82,,,,
Principal Short Term Income Fund,2,DT-ST     ,4.91,7.24,7.92,8.33,,
Principal Short Term Income Fund - Direct Plan,3,DT-ST     ,5.82,8.12,,,,
Principal Smart Equity Fund,2,HY-AA     ,9.85,8.38,11.05,,,
Principal Smart Equity Fund - Direct Plan,3,HY-AA     ,11.4,9.69,,,,
Principal Tax Savings Fund,3,EQ-TS     ,41.12,25.73,24.32,18.07,17.4,19.14
Principal Tax Savings Fund - Direct Plan,4,EQ-TS     ,41.49,26.17,,,,
Quantum Dynamic Bond Fund - Direct Plan,5,DT-DB     ,3.94,,,,,
Quantum Dynamic Bond Fund - Regular Plan #,5,DT-DB     ,,,,,,
Quantum Equity FoF - Regular Plan #,3,EQ-MLC    ,,,,,,
Quantum Equity FoF Fund - Direct Plan,3,EQ-MLC    ,30.43,19.66,20.83,,,
Quantum Liquid - Regular Plan #,2,DT-LIQ    ,,,,,,
Quantum Liquid Fund - Direct Plan,2,DT-LIQ    ,5.96,6.46,7.11,7.59,,
Quantum Long Term Equity - Regular Plan #,4,EQ-LC     ,,,,,,
Quantum Long Term Equity Fund - Direct Plan,4,EQ-LC     ,17.36,16.14,17.03,16.65,,
Quantum Tax Saving - Regular Plan #,2,EQ-TS     ,,,,,,
Quantum Tax Saving Fund - Direct Plan,2,EQ-TS     ,17.92,16.4,17.17,,,
